ISO-10303-21;
HEADER;
FILE_NAME('Open CASCADE Shape Model','2026-03-09T20:02:29',('Author'),(
    'Open CASCADE'),'Open CASCADE STEP processor 7.8','Open CASCADE 7.8'
  ,'Unknown');
FILE_DESCRIPTION(('Open CASCADE Model'),'2;1');
FILE_SCHEMA(('AUTOMOTIVE_DESIGN { 1 0 10303 214 1 1 1 1 }'));
ENDSEC;
DATA;
#1 = APPLICATION_PROTOCOL_DEFINITION('international standard',
  'automotive_design',2000,#2);
#2 = APPLICATION_CONTEXT(
  'core data for automotive mechanical design processes');
#3 = SHAPE_DEFINITION_REPRESENTATION(#4,#10);
#4 = PRODUCT_DEFINITION_SHAPE('','',#5);
#5 = PRODUCT_DEFINITION('design','',#6,#9);
#6 = PRODUCT_DEFINITION_FORMATION('','',#7);
#7 = PRODUCT('Open CASCADE STEP translator 7.8 1',
  'Open CASCADE STEP translator 7.8 1','',(#8));
#8 = PRODUCT_CONTEXT('',#2,'mechanical');
#9 = PRODUCT_DEFINITION_CONTEXT('part definition',#2,'design');
#10 = SHAPE_REPRESENTATION('',(#11,#15,#19,#23,#27,#31,#35,#39,#43,#47,
    #51,#55,#59,#63,#67,#71,#75,#79),#83);
#11 = AXIS2_PLACEMENT_3D('',#12,#13,#14);
#12 = CARTESIAN_POINT('',(0.,0.,0.));
#13 = DIRECTION('',(0.,0.,1.));
#14 = DIRECTION('',(1.,0.,-0.));
#15 = AXIS2_PLACEMENT_3D('',#16,#17,#18);
#16 = CARTESIAN_POINT('',(0.,0.,0.));
#17 = DIRECTION('',(0.,0.,1.));
#18 = DIRECTION('',(1.,0.,-0.));
#19 = AXIS2_PLACEMENT_3D('',#20,#21,#22);
#20 = CARTESIAN_POINT('',(0.,0.,0.));
#21 = DIRECTION('',(0.,0.,1.));
#22 = DIRECTION('',(1.,0.,-0.));
#23 = AXIS2_PLACEMENT_3D('',#24,#25,#26);
#24 = CARTESIAN_POINT('',(0.,0.,0.));
#25 = DIRECTION('',(0.,0.,1.));
#26 = DIRECTION('',(1.,0.,-0.));
#27 = AXIS2_PLACEMENT_3D('',#28,#29,#30);
#28 = CARTESIAN_POINT('',(0.,0.,0.));
#29 = DIRECTION('',(0.,0.,1.));
#30 = DIRECTION('',(1.,0.,-0.));
#31 = AXIS2_PLACEMENT_3D('',#32,#33,#34);
#32 = CARTESIAN_POINT('',(0.,0.,0.));
#33 = DIRECTION('',(0.,0.,1.));
#34 = DIRECTION('',(1.,0.,-0.));
#35 = AXIS2_PLACEMENT_3D('',#36,#37,#38);
#36 = CARTESIAN_POINT('',(0.,0.,0.));
#37 = DIRECTION('',(0.,0.,1.));
#38 = DIRECTION('',(1.,0.,-0.));
#39 = AXIS2_PLACEMENT_3D('',#40,#41,#42);
#40 = CARTESIAN_POINT('',(0.,0.,0.));
#41 = DIRECTION('',(0.,0.,1.));
#42 = DIRECTION('',(1.,0.,-0.));
#43 = AXIS2_PLACEMENT_3D('',#44,#45,#46);
#44 = CARTESIAN_POINT('',(0.,0.,0.));
#45 = DIRECTION('',(0.,0.,1.));
#46 = DIRECTION('',(1.,0.,-0.));
#47 = AXIS2_PLACEMENT_3D('',#48,#49,#50);
#48 = CARTESIAN_POINT('',(0.,0.,0.));
#49 = DIRECTION('',(0.,0.,1.));
#50 = DIRECTION('',(1.,0.,-0.));
#51 = AXIS2_PLACEMENT_3D('',#52,#53,#54);
#52 = CARTESIAN_POINT('',(0.,0.,0.));
#53 = DIRECTION('',(0.,0.,1.));
#54 = DIRECTION('',(1.,0.,-0.));
#55 = AXIS2_PLACEMENT_3D('',#56,#57,#58);
#56 = CARTESIAN_POINT('',(0.,0.,0.));
#57 = DIRECTION('',(0.,0.,1.));
#58 = DIRECTION('',(1.,0.,-0.));
#59 = AXIS2_PLACEMENT_3D('',#60,#61,#62);
#60 = CARTESIAN_POINT('',(0.,0.,0.));
#61 = DIRECTION('',(0.,0.,1.));
#62 = DIRECTION('',(1.,0.,-0.));
#63 = AXIS2_PLACEMENT_3D('',#64,#65,#66);
#64 = CARTESIAN_POINT('',(0.,0.,0.));
#65 = DIRECTION('',(0.,0.,1.));
#66 = DIRECTION('',(1.,0.,-0.));
#67 = AXIS2_PLACEMENT_3D('',#68,#69,#70);
#68 = CARTESIAN_POINT('',(0.,0.,0.));
#69 = DIRECTION('',(0.,0.,1.));
#70 = DIRECTION('',(1.,0.,-0.));
#71 = AXIS2_PLACEMENT_3D('',#72,#73,#74);
#72 = CARTESIAN_POINT('',(0.,0.,0.));
#73 = DIRECTION('',(0.,0.,1.));
#74 = DIRECTION('',(1.,0.,-0.));
#75 = AXIS2_PLACEMENT_3D('',#76,#77,#78);
#76 = CARTESIAN_POINT('',(0.,0.,0.));
#77 = DIRECTION('',(0.,0.,1.));
#78 = DIRECTION('',(1.,0.,-0.));
#79 = AXIS2_PLACEMENT_3D('',#80,#81,#82);
#80 = CARTESIAN_POINT('',(0.,0.,0.));
#81 = DIRECTION('',(0.,0.,1.));
#82 = DIRECTION('',(1.,0.,-0.));
#83 = ( GEOMETRIC_REPRESENTATION_CONTEXT(3) 
GLOBAL_UNCERTAINTY_ASSIGNED_CONTEXT((#87)) GLOBAL_UNIT_ASSIGNED_CONTEXT(
(#84,#85,#86)) REPRESENTATION_CONTEXT('Context #1',
  '3D Context with UNIT and UNCERTAINTY') );
#84 = ( LENGTH_UNIT() NAMED_UNIT(*) SI_UNIT(.MILLI.,.METRE.) );
#85 = ( NAMED_UNIT(*) PLANE_ANGLE_UNIT() SI_UNIT($,.RADIAN.) );
#86 = ( NAMED_UNIT(*) SI_UNIT($,.STERADIAN.) SOLID_ANGLE_UNIT() );
#87 = UNCERTAINTY_MEASURE_WITH_UNIT(LENGTH_MEASURE(1.E-04),#84,
  'distance_accuracy_value','confusion accuracy');
#88 = PRODUCT_RELATED_PRODUCT_CATEGORY('part',$,(#7));
#89 = SHAPE_DEFINITION_REPRESENTATION(#90,#96);
#90 = PRODUCT_DEFINITION_SHAPE('','',#91);
#91 = PRODUCT_DEFINITION('design','',#92,#95);
#92 = PRODUCT_DEFINITION_FORMATION('','',#93);
#93 = PRODUCT('Open CASCADE STEP translator 7.8 1.1',
  'Open CASCADE STEP translator 7.8 1.1','',(#94));
#94 = PRODUCT_CONTEXT('',#2,'mechanical');
#95 = PRODUCT_DEFINITION_CONTEXT('part definition',#2,'design');
#96 = GEOMETRICALLY_BOUNDED_WIREFRAME_SHAPE_REPRESENTATION('',(#11,#97),
  #143);
#97 = GEOMETRIC_CURVE_SET('',(#98));
#98 = TRIMMED_CURVE('',#99,(#141,PARAMETER_VALUE(0.)),(#142,
    PARAMETER_VALUE(0.585469325812)),.T.,.PARAMETER.);
#99 = B_SPLINE_CURVE_WITH_KNOTS('',3,(#100,#101,#102,#103,#104,#105,#106
    ,#107,#108,#109,#110,#111,#112,#113,#114,#115,#116,#117,#118,#119,
    #120,#121,#122,#123,#124,#125,#126,#127,#128,#129,#130,#131,#132,
    #133,#134,#135,#136,#137,#138,#139,#140),.UNSPECIFIED.,.F.,.F.,(4,1,
    1,1,1,1,1,1,1,1,1,1,1,1,1,1,1,1,1,1,1,1,1,1,1,1,1,1,1,1,1,1,1,1,1,1,
    1,1,4),(0.,4.830386043902E-03,1.346894062039E-02,2.437882202319E-02,
    3.696160981684E-02,5.08477744036E-02,6.577387181453E-02,
    8.153809551987E-02,9.797902296975E-02,0.11496425291,0.132383068081,
    0.150142037877,0.168161200222,0.186371999686,0.204714888303,
    0.223137983452,0.241595335856,0.260045934868,0.278452582499,
    0.29678087229,0.314998316245,0.333073765408,0.350976570385,
    0.368676236831,0.386141617186,0.40334094644,0.42024121692,
    0.436808089932,0.453005702432,0.468796821301,0.484142270433,
    0.499001525294,0.51333262594,0.527090272379,0.540222812573,
    0.552676131649,0.564397693908,0.575340969601,0.585469325812),
  .UNSPECIFIED.);
#100 = CARTESIAN_POINT('',(626.08822658718,3.328472173311,0.));
#101 = CARTESIAN_POINT('',(624.58707684039,2.746182670292,0.));
#102 = CARTESIAN_POINT('',(620.39710810358,1.133331864028,0.));
#103 = CARTESIAN_POINT('',(612.79213659751,-1.730704465371,0.));
#104 = CARTESIAN_POINT('',(602.72863489211,-5.397371647183,0.));
#105 = CARTESIAN_POINT('',(590.96578605865,-9.506886134105,0.));
#106 = CARTESIAN_POINT('',(577.87025528921,-13.85644991165,0.));
#107 = CARTESIAN_POINT('',(563.68906374455,-18.29526028216,0.));
#108 = CARTESIAN_POINT('',(548.60843049151,-22.70253416225,0.));
#109 = CARTESIAN_POINT('',(532.77748565173,-26.97765933582,0.));
#110 = CARTESIAN_POINT('',(516.32085281286,-31.03646228409,0.));
#111 = CARTESIAN_POINT('',(499.34540006887,-34.80769311215,0.));
#112 = CARTESIAN_POINT('',(481.94497571163,-38.23184569043,0.));
#113 = CARTESIAN_POINT('',(464.20323401145,-41.25989126472,0.));
#114 = CARTESIAN_POINT('',(446.19583093487,-43.85240624511,0.));
#115 = CARTESIAN_POINT('',(427.99174961856,-45.97853744848,0.));
#116 = CARTESIAN_POINT('',(409.65463700043,-47.6160546129,0.));
#117 = CARTESIAN_POINT('',(391.24350684018,-48.75025557515,0.));
#118 = CARTESIAN_POINT('',(372.81349361142,-49.37396654085,0.));
#119 = CARTESIAN_POINT('',(354.41631365632,-49.48656315878,0.));
#120 = CARTESIAN_POINT('',(336.10076168533,-49.09415453513,0.));
#121 = CARTESIAN_POINT('',(317.91302793418,-48.20867692863,0.));
#122 = CARTESIAN_POINT('',(299.89700661983,-46.8478915747,0.));
#123 = CARTESIAN_POINT('',(282.09447873629,-45.03479737305,0.));
#124 = CARTESIAN_POINT('',(264.545440296,-42.79725814917,0.));
#125 = CARTESIAN_POINT('',(247.28814747684,-40.16790952019,0.));
#126 = CARTESIAN_POINT('',(230.35939789241,-37.18348861447,0.));
#127 = CARTESIAN_POINT('',(213.79451755789,-33.88489409329,0.));
#128 = CARTESIAN_POINT('',(197.62770584265,-30.31617645789,0.));
#129 = CARTESIAN_POINT('',(181.89162747173,-26.52593634157,0.));
#130 = CARTESIAN_POINT('',(166.61858647038,-22.563089969,0.));
#131 = CARTESIAN_POINT('',(151.83909134289,-18.48249043825,0.));
#132 = CARTESIAN_POINT('',(137.58309049033,-14.34008719515,0.));
#133 = CARTESIAN_POINT('',(123.88072053146,-10.19286459271,0.));
#134 = CARTESIAN_POINT('',(110.76223983267,-6.105452645566,0.));
#135 = CARTESIAN_POINT('',(98.253458792072,-2.165936325736,0.));
#136 = CARTESIAN_POINT('',(86.379545837537,1.530361149667,0.));
#137 = CARTESIAN_POINT('',(75.165094137506,4.888010144784,0.));
#138 = CARTESIAN_POINT('',(64.63355682512,7.821929189417,0.));
#139 = CARTESIAN_POINT('',(57.814973799394,9.508706972524,-0.));
#140 = CARTESIAN_POINT('',(54.522318828477,10.258641367371,0.));
#141 = CARTESIAN_POINT('',(626.08822658718,3.328472173311,0.));
#142 = CARTESIAN_POINT('',(54.522318828477,10.258641367371,0.));
#143 = ( GEOMETRIC_REPRESENTATION_CONTEXT(3) 
GLOBAL_UNCERTAINTY_ASSIGNED_CONTEXT((#147)) GLOBAL_UNIT_ASSIGNED_CONTEXT
((#144,#145,#146)) REPRESENTATION_CONTEXT('Context #1',
  '3D Context with UNIT and UNCERTAINTY') );
#144 = ( LENGTH_UNIT() NAMED_UNIT(*) SI_UNIT(.MILLI.,.METRE.) );
#145 = ( NAMED_UNIT(*) PLANE_ANGLE_UNIT() SI_UNIT($,.RADIAN.) );
#146 = ( NAMED_UNIT(*) SI_UNIT($,.STERADIAN.) SOLID_ANGLE_UNIT() );
#147 = UNCERTAINTY_MEASURE_WITH_UNIT(LENGTH_MEASURE(1.E-04),#144,
  'distance_accuracy_value','confusion accuracy');
#148 = CONTEXT_DEPENDENT_SHAPE_REPRESENTATION(#149,#151);
#149 = ( REPRESENTATION_RELATIONSHIP('','',#96,#10) 
REPRESENTATION_RELATIONSHIP_WITH_TRANSFORMATION(#150) 
SHAPE_REPRESENTATION_RELATIONSHIP() );
#150 = ITEM_DEFINED_TRANSFORMATION('','',#11,#15);
#151 = PRODUCT_DEFINITION_SHAPE('Placement','Placement of an item',#152
  );
#152 = NEXT_ASSEMBLY_USAGE_OCCURRENCE('1','','',#5,#91,$);
#153 = PRODUCT_RELATED_PRODUCT_CATEGORY('part',$,(#93));
#154 = SHAPE_DEFINITION_REPRESENTATION(#155,#161);
#155 = PRODUCT_DEFINITION_SHAPE('','',#156);
#156 = PRODUCT_DEFINITION('design','',#157,#160);
#157 = PRODUCT_DEFINITION_FORMATION('','',#158);
#158 = PRODUCT('Open CASCADE STEP translator 7.8 1.2',
  'Open CASCADE STEP translator 7.8 1.2','',(#159));
#159 = PRODUCT_CONTEXT('',#2,'mechanical');
#160 = PRODUCT_DEFINITION_CONTEXT('part definition',#2,'design');
#161 = GEOMETRICALLY_BOUNDED_WIREFRAME_SHAPE_REPRESENTATION('',(#11,#162
    ),#230);
#162 = GEOMETRIC_CURVE_SET('',(#163));
#163 = TRIMMED_CURVE('',#164,(#228,PARAMETER_VALUE(0.)),(#229,
    PARAMETER_VALUE(0.749995571375)),.T.,.PARAMETER.);
#164 = B_SPLINE_CURVE_WITH_KNOTS('',3,(#165,#166,#167,#168,#169,#170,
    #171,#172,#173,#174,#175,#176,#177,#178,#179,#180,#181,#182,#183,
    #184,#185,#186,#187,#188,#189,#190,#191,#192,#193,#194,#195,#196,
    #197,#198,#199,#200,#201,#202,#203,#204,#205,#206,#207,#208,#209,
    #210,#211,#212,#213,#214,#215,#216,#217,#218,#219,#220,#221,#222,
    #223,#224,#225,#226,#227),.UNSPECIFIED.,.F.,.F.,(4,1,1,1,1,1,1,1,1,1
    ,1,1,1,1,1,1,1,1,1,1,1,1,1,1,1,1,1,1,1,1,1,1,1,1,1,1,1,1,1,1,1,1,1,1
    ,1,1,1,1,1,1,1,1,1,1,1,1,1,1,1,1,4),(0.,9.290046318391E-03,
    1.773083527192E-02,2.532201304893E-02,3.207222476284E-02,
    3.800144244525E-02,4.314985909193E-02,4.758867009179E-02,
    5.141241385428E-02,5.520298839229E-02,5.814616416267E-02,
    6.215128454542E-02,6.703017850767E-02,7.132711311419E-02,
    7.721003146286E-02,8.34300772174E-02,9.046489523859E-02,
    9.824494121548E-02,0.106732438573,0.115894206006,0.125682762258,
    0.136050611107,0.146958070197,0.158376841011,0.170291731246,
    0.182696595169,0.195589187258,0.208966223428,0.222820115219,
    0.23713775698,0.251899226311,0.267082335067,0.282665521378,
    0.298627635013,0.314948239068,0.331607150857,0.348584987569,
    0.365862467278,0.383420252858,0.401238872532,0.419298082198,
    0.437576403789,0.456050380203,0.474694315541,0.493479066453,
    0.512371154746,0.531332225455,0.550317213947,0.569273535499,
    0.588139096017,0.606840786348,0.625291647849,0.64338841032,
    0.661007075671,0.677997595151,0.69417528661,0.709307744547,
    0.723090570412,0.735097335312,0.744642894721,0.749995571375),
  .UNSPECIFIED.);
#165 = CARTESIAN_POINT('',(54.522318828477,10.258641367371,0.));
#166 = CARTESIAN_POINT('',(51.503357357265,10.939607392711,0.));
#167 = CARTESIAN_POINT('',(45.713859017511,12.150774605659,0.));
#168 = CARTESIAN_POINT('',(37.375169622873,13.478207000757,0.));
#169 = CARTESIAN_POINT('',(29.815510143926,14.246292945401,0.));
#170 = CARTESIAN_POINT('',(23.053555871069,14.460863309498,0.));
#171 = CARTESIAN_POINT('',(17.116242834289,14.130098683789,0.));
#172 = CARTESIAN_POINT('',(11.985562519377,13.271232861794,0.));
#173 = CARTESIAN_POINT('',(7.778542676971,11.796288555162,0.));
#174 = CARTESIAN_POINT('',(4.099501868212,9.929171951545,0.));
#175 = CARTESIAN_POINT('',(2.084431307392,6.976512074122,0.));
#176 = CARTESIAN_POINT('',(6.480275288241E-02,3.947648241202,0.));
#177 = CARTESIAN_POINT('',(-6.277169483022E-02,-0.126213169026,0.));
#178 = CARTESIAN_POINT('',(0.185398224429,-4.52754916984,0.));
#179 = CARTESIAN_POINT('',(2.1475479621,-9.202036613643,0.));
#180 = CARTESIAN_POINT('',(4.173861800284,-14.27962718047,0.));
#181 = CARTESIAN_POINT('',(7.721592660365,-19.62170281422,0.));
#182 = CARTESIAN_POINT('',(11.874892878213,-25.26502862223,0.));
#183 = CARTESIAN_POINT('',(16.964669329257,-31.14607483196,0.));
#184 = CARTESIAN_POINT('',(22.885338446547,-37.21633146836,0.));
#185 = CARTESIAN_POINT('',(29.631987135074,-43.39878079754,0.));
#186 = CARTESIAN_POINT('',(37.181978124612,-49.61084941169,0.));
#187 = CARTESIAN_POINT('',(45.517411307645,-55.76215374244,0.));
#188 = CARTESIAN_POINT('',(54.616343077159,-61.76907580665,0.));
#189 = CARTESIAN_POINT('',(64.456031470939,-67.5625460983,0.));
#190 = CARTESIAN_POINT('',(75.010694068776,-73.09631457246,0.));
#191 = CARTESIAN_POINT('',(86.252845663685,-78.34755010951,0.));
#192 = CARTESIAN_POINT('',(98.15500171576,-83.30917255248,0.));
#193 = CARTESIAN_POINT('',(110.68915679981,-87.98364562601,0.));
#194 = CARTESIAN_POINT('',(123.82829330189,-92.37031785429,0.));
#195 = CARTESIAN_POINT('',(137.54371666393,-96.46422606208,0.));
#196 = CARTESIAN_POINT('',(151.80989515486,-100.2366385301,0.));
#197 = CARTESIAN_POINT('',(166.59900117701,-103.6523510268,0.));
#198 = CARTESIAN_POINT('',(181.88094461374,-106.6786872351,0.));
#199 = CARTESIAN_POINT('',(197.62512202448,-109.2820983753,0.));
#200 = CARTESIAN_POINT('',(213.79952704875,-111.4317940064,0.));
#201 = CARTESIAN_POINT('',(230.37136521828,-113.0971871304,0.));
#202 = CARTESIAN_POINT('',(247.3065357667,-114.2499817842,0.));
#203 = CARTESIAN_POINT('',(264.56967733252,-114.8643677794,0.));
#204 = CARTESIAN_POINT('',(282.12400507512,-114.9175319681,0.));
#205 = CARTESIAN_POINT('',(299.93122772477,-114.3895417788,0.));
#206 = CARTESIAN_POINT('',(317.95140975599,-113.2644641253,0.));
#207 = CARTESIAN_POINT('',(336.14271313473,-111.5306046678,0.));
#208 = CARTESIAN_POINT('',(354.46126236533,-109.1806979317,0.));
#209 = CARTESIAN_POINT('',(372.86086124095,-106.2126957346,0.));
#210 = CARTESIAN_POINT('',(391.29275944917,-102.6305187222,0.));
#211 = CARTESIAN_POINT('',(409.70523802981,-98.44414729947,0.));
#212 = CARTESIAN_POINT('',(428.04318565454,-93.67068004721,0.));
#213 = CARTESIAN_POINT('',(446.24764236573,-88.33483825426,0.));
#214 = CARTESIAN_POINT('',(464.25495239006,-82.46989308017,0.));
#215 = CARTESIAN_POINT('',(481.99618942073,-76.11891759985,0.));
#216 = CARTESIAN_POINT('',(499.39564230496,-69.33534968787,0.));
#217 = CARTESIAN_POINT('',(516.36965772311,-62.18504695478,0.));
#218 = CARTESIAN_POINT('',(532.8243773839,-54.74798925785,0.));
#219 = CARTESIAN_POINT('',(548.65281716845,-47.12061900795,0.));
#220 = CARTESIAN_POINT('',(563.7302516881,-39.41939400223,0.));
#221 = CARTESIAN_POINT('',(577.90745610756,-31.78645780701,0.));
#222 = CARTESIAN_POINT('',(590.99802368185,-24.39759897989,0.));
#223 = CARTESIAN_POINT('',(602.75469086144,-17.47900253639,0.));
#224 = CARTESIAN_POINT('',(612.81073480646,-11.34580318458,0.));
#225 = CARTESIAN_POINT('',(620.40623567009,-6.576851160553,0.));
#226 = CARTESIAN_POINT('',(624.58861347963,-3.899165036609,-0.));
#227 = CARTESIAN_POINT('',(626.08822658718,-2.932408840385,0.));
#228 = CARTESIAN_POINT('',(54.522318828477,10.258641367371,0.));
#229 = CARTESIAN_POINT('',(626.08822658718,-2.932408840385,0.));
#230 = ( GEOMETRIC_REPRESENTATION_CONTEXT(3) 
GLOBAL_UNCERTAINTY_ASSIGNED_CONTEXT((#234)) GLOBAL_UNIT_ASSIGNED_CONTEXT
((#231,#232,#233)) REPRESENTATION_CONTEXT('Context #1',
  '3D Context with UNIT and UNCERTAINTY') );
#231 = ( LENGTH_UNIT() NAMED_UNIT(*) SI_UNIT(.MILLI.,.METRE.) );
#232 = ( NAMED_UNIT(*) PLANE_ANGLE_UNIT() SI_UNIT($,.RADIAN.) );
#233 = ( NAMED_UNIT(*) SI_UNIT($,.STERADIAN.) SOLID_ANGLE_UNIT() );
#234 = UNCERTAINTY_MEASURE_WITH_UNIT(LENGTH_MEASURE(1.E-04),#231,
  'distance_accuracy_value','confusion accuracy');
#235 = CONTEXT_DEPENDENT_SHAPE_REPRESENTATION(#236,#238);
#236 = ( REPRESENTATION_RELATIONSHIP('','',#161,#10) 
REPRESENTATION_RELATIONSHIP_WITH_TRANSFORMATION(#237) 
SHAPE_REPRESENTATION_RELATIONSHIP() );
#237 = ITEM_DEFINED_TRANSFORMATION('','',#11,#19);
#238 = PRODUCT_DEFINITION_SHAPE('Placement','Placement of an item',#239
  );
#239 = NEXT_ASSEMBLY_USAGE_OCCURRENCE('2','','',#5,#156,$);
#240 = PRODUCT_RELATED_PRODUCT_CATEGORY('part',$,(#158));
#241 = SHAPE_DEFINITION_REPRESENTATION(#242,#248);
#242 = PRODUCT_DEFINITION_SHAPE('','',#243);
#243 = PRODUCT_DEFINITION('design','',#244,#247);
#244 = PRODUCT_DEFINITION_FORMATION('','',#245);
#245 = PRODUCT('Open CASCADE STEP translator 7.8 1.3',
  'Open CASCADE STEP translator 7.8 1.3','',(#246));
#246 = PRODUCT_CONTEXT('',#2,'mechanical');
#247 = PRODUCT_DEFINITION_CONTEXT('part definition',#2,'design');
#248 = GEOMETRICALLY_BOUNDED_WIREFRAME_SHAPE_REPRESENTATION('',(#11,#249
    ),#257);
#249 = GEOMETRIC_CURVE_SET('',(#250));
#250 = TRIMMED_CURVE('',#251,(#255,PARAMETER_VALUE(0.)),(#256,
    PARAMETER_VALUE(6.260881013696E-03)),.T.,.PARAMETER.);
#251 = LINE('',#252,#253);
#252 = CARTESIAN_POINT('',(626.08822658718,-2.932408840385,0.));
#253 = VECTOR('',#254,1.E+03);
#254 = DIRECTION('',(0.,1.,0.));
#255 = CARTESIAN_POINT('',(626.08822658718,-2.932408840385,0.));
#256 = CARTESIAN_POINT('',(626.08822658718,3.328472173311,0.));
#257 = ( GEOMETRIC_REPRESENTATION_CONTEXT(3) 
GLOBAL_UNCERTAINTY_ASSIGNED_CONTEXT((#261)) GLOBAL_UNIT_ASSIGNED_CONTEXT
((#258,#259,#260)) REPRESENTATION_CONTEXT('Context #1',
  '3D Context with UNIT and UNCERTAINTY') );
#258 = ( LENGTH_UNIT() NAMED_UNIT(*) SI_UNIT(.MILLI.,.METRE.) );
#259 = ( NAMED_UNIT(*) PLANE_ANGLE_UNIT() SI_UNIT($,.RADIAN.) );
#260 = ( NAMED_UNIT(*) SI_UNIT($,.STERADIAN.) SOLID_ANGLE_UNIT() );
#261 = UNCERTAINTY_MEASURE_WITH_UNIT(LENGTH_MEASURE(1.E-04),#258,
  'distance_accuracy_value','confusion accuracy');
#262 = CONTEXT_DEPENDENT_SHAPE_REPRESENTATION(#263,#265);
#263 = ( REPRESENTATION_RELATIONSHIP('','',#248,#10) 
REPRESENTATION_RELATIONSHIP_WITH_TRANSFORMATION(#264) 
SHAPE_REPRESENTATION_RELATIONSHIP() );
#264 = ITEM_DEFINED_TRANSFORMATION('','',#11,#23);
#265 = PRODUCT_DEFINITION_SHAPE('Placement','Placement of an item',#266
  );
#266 = NEXT_ASSEMBLY_USAGE_OCCURRENCE('3','','',#5,#243,$);
#267 = PRODUCT_RELATED_PRODUCT_CATEGORY('part',$,(#245));
#268 = SHAPE_DEFINITION_REPRESENTATION(#269,#275);
#269 = PRODUCT_DEFINITION_SHAPE('','',#270);
#270 = PRODUCT_DEFINITION('design','',#271,#274);
#271 = PRODUCT_DEFINITION_FORMATION('','',#272);
#272 = PRODUCT('Open CASCADE STEP translator 7.8 1.4',
  'Open CASCADE STEP translator 7.8 1.4','',(#273));
#273 = PRODUCT_CONTEXT('',#2,'mechanical');
#274 = PRODUCT_DEFINITION_CONTEXT('part definition',#2,'design');
#275 = GEOMETRICALLY_BOUNDED_WIREFRAME_SHAPE_REPRESENTATION('',(#11,#276
    ),#322);
#276 = GEOMETRIC_CURVE_SET('',(#277));
#277 = TRIMMED_CURVE('',#278,(#320,PARAMETER_VALUE(0.)),(#321,
    PARAMETER_VALUE(0.398511634235)),.T.,.PARAMETER.);
#278 = B_SPLINE_CURVE_WITH_KNOTS('',3,(#279,#280,#281,#282,#283,#284,
    #285,#286,#287,#288,#289,#290,#291,#292,#293,#294,#295,#296,#297,
    #298,#299,#300,#301,#302,#303,#304,#305,#306,#307,#308,#309,#310,
    #311,#312,#313,#314,#315,#316,#317,#318,#319),.UNSPECIFIED.,.F.,.F.,
  (4,1,1,1,1,1,1,1,1,1,1,1,1,1,1,1,1,1,1,1,1,1,1,1,1,1,1,1,1,1,1,1,1,1,1
    ,1,1,1,4),(0.,3.435471944771E-03,9.566714364312E-03,
    1.728617527042E-02,2.615603788218E-02,3.59029068286E-02,
    4.633089726894E-02,5.728984891735E-02,6.86612302498E-02,
    8.034582773215E-02,9.227685250833E-02,0.104375870277,0.116591228368,
    0.128883888938,0.141219467886,0.153570127689,0.165913295137,
    0.178230078763,0.190504499349,0.202722037731,0.214868889012,
    0.226931107076,0.238894000747,0.250741901302,0.262457582274,
    0.274022251766,0.285415160386,0.296614111157,0.307594609421,
    0.318330475616,0.328793453572,0.338953501946,0.348779085411,
    0.358235582691,0.367282236013,0.375875024554,0.383970014141,
    0.391526722257,0.398511634235),.UNSPECIFIED.);
#279 = CARTESIAN_POINT('',(815.53909682012,220.29951972875,0.));
#280 = CARTESIAN_POINT('',(814.86830353754,219.37139381665,0.));
#281 = CARTESIAN_POINT('',(812.99235091463,216.79262132876,0.));
#282 = CARTESIAN_POINT('',(809.56179116305,212.16293044122,0.));
#283 = CARTESIAN_POINT('',(804.97244650582,206.13794333924,0.));
#284 = CARTESIAN_POINT('',(799.53840282756,199.24260685984,0.));
#285 = CARTESIAN_POINT('',(793.39930277133,191.75545061332,0.));
#286 = CARTESIAN_POINT('',(786.64448346481,183.87546982683,0.));
#287 = CARTESIAN_POINT('',(779.33506963668,175.76186166939,0.));
#288 = CARTESIAN_POINT('',(771.52917539176,167.5361168667,0.));
#289 = CARTESIAN_POINT('',(763.24154990627,159.32873963972,0.));
#290 = CARTESIAN_POINT('',(754.56622214855,151.1735419987,0.));
#291 = CARTESIAN_POINT('',(745.47530536485,143.21173830213,0.));
#292 = CARTESIAN_POINT('',(736.01570854449,135.49981785097,0.));
#293 = CARTESIAN_POINT('',(726.22545154794,128.08060141844,0.));
#294 = CARTESIAN_POINT('',(716.13105658239,121.00164890305,0.));
#295 = CARTESIAN_POINT('',(705.76337237027,114.29813103319,0.));
#296 = CARTESIAN_POINT('',(695.15290873532,107.99806146644,0.));
#297 = CARTESIAN_POINT('',(684.33125409598,102.1211672513,0.));
#298 = CARTESIAN_POINT('',(673.33079111523,96.680126297472,0.));
#299 = CARTESIAN_POINT('',(662.18472926323,91.681057267351,0.));
#300 = CARTESIAN_POINT('',(650.92720345838,87.124007281788,0.));
#301 = CARTESIAN_POINT('',(639.59311449875,83.003569323221,0.));
#302 = CARTESIAN_POINT('',(628.21783297017,79.309771751424,0.));
#303 = CARTESIAN_POINT('',(616.83690956164,76.029370771687,0.));
#304 = CARTESIAN_POINT('',(605.48610659402,73.145962787428,0.));
#305 = CARTESIAN_POINT('',(594.20144775002,70.640685776129,0.));
#306 = CARTESIAN_POINT('',(583.01959123822,68.489202999219,0.));
#307 = CARTESIAN_POINT('',(571.97638707094,66.67010461719,0.));
#308 = CARTESIAN_POINT('',(561.1087552939,65.154532370889,0.));
#309 = CARTESIAN_POINT('',(550.4532697381,63.915438484715,0.));
#310 = CARTESIAN_POINT('',(540.04706655734,62.920973552866,0.));
#311 = CARTESIAN_POINT('',(529.92722515483,62.13884588638,0.));
#312 = CARTESIAN_POINT('',(520.13138413351,61.535910011771,0.));
#313 = CARTESIAN_POINT('',(510.69954044122,61.075355647947,0.));
#314 = CARTESIAN_POINT('',(501.67516601733,60.704364936805,0.));
#315 = CARTESIAN_POINT('',(493.10372043911,60.365010909408,0.));
#316 = CARTESIAN_POINT('',(485.03051625887,59.998299932114,0.));
#317 = CARTESIAN_POINT('',(477.49755003995,59.551577823836,0.));
#318 = CARTESIAN_POINT('',(472.66687173414,59.150789744638,-0.));
#319 = CARTESIAN_POINT('',(470.34938466646,58.922130365763,0.));
#320 = CARTESIAN_POINT('',(815.53909682012,220.29951972875,0.));
#321 = CARTESIAN_POINT('',(470.34938466646,58.922130365763,0.));
#322 = ( GEOMETRIC_REPRESENTATION_CONTEXT(3) 
GLOBAL_UNCERTAINTY_ASSIGNED_CONTEXT((#326)) GLOBAL_UNIT_ASSIGNED_CONTEXT
((#323,#324,#325)) REPRESENTATION_CONTEXT('Context #1',
  '3D Context with UNIT and UNCERTAINTY') );
#323 = ( LENGTH_UNIT() NAMED_UNIT(*) SI_UNIT(.MILLI.,.METRE.) );
#324 = ( NAMED_UNIT(*) PLANE_ANGLE_UNIT() SI_UNIT($,.RADIAN.) );
#325 = ( NAMED_UNIT(*) SI_UNIT($,.STERADIAN.) SOLID_ANGLE_UNIT() );
#326 = UNCERTAINTY_MEASURE_WITH_UNIT(LENGTH_MEASURE(1.E-04),#323,
  'distance_accuracy_value','confusion accuracy');
#327 = CONTEXT_DEPENDENT_SHAPE_REPRESENTATION(#328,#330);
#328 = ( REPRESENTATION_RELATIONSHIP('','',#275,#10) 
REPRESENTATION_RELATIONSHIP_WITH_TRANSFORMATION(#329) 
SHAPE_REPRESENTATION_RELATIONSHIP() );
#329 = ITEM_DEFINED_TRANSFORMATION('','',#11,#27);
#330 = PRODUCT_DEFINITION_SHAPE('Placement','Placement of an item',#331
  );
#331 = NEXT_ASSEMBLY_USAGE_OCCURRENCE('4','','',#5,#270,$);
#332 = PRODUCT_RELATED_PRODUCT_CATEGORY('part',$,(#272));
#333 = SHAPE_DEFINITION_REPRESENTATION(#334,#340);
#334 = PRODUCT_DEFINITION_SHAPE('','',#335);
#335 = PRODUCT_DEFINITION('design','',#336,#339);
#336 = PRODUCT_DEFINITION_FORMATION('','',#337);
#337 = PRODUCT('Open CASCADE STEP translator 7.8 1.5',
  'Open CASCADE STEP translator 7.8 1.5','',(#338));
#338 = PRODUCT_CONTEXT('',#2,'mechanical');
#339 = PRODUCT_DEFINITION_CONTEXT('part definition',#2,'design');
#340 = GEOMETRICALLY_BOUNDED_WIREFRAME_SHAPE_REPRESENTATION('',(#11,#341
    ),#409);
#341 = GEOMETRIC_CURVE_SET('',(#342));
#342 = TRIMMED_CURVE('',#343,(#407,PARAMETER_VALUE(0.)),(#408,
    PARAMETER_VALUE(0.514450192645)),.T.,.PARAMETER.);
#343 = B_SPLINE_CURVE_WITH_KNOTS('',3,(#344,#345,#346,#347,#348,#349,
    #350,#351,#352,#353,#354,#355,#356,#357,#358,#359,#360,#361,#362,
    #363,#364,#365,#366,#367,#368,#369,#370,#371,#372,#373,#374,#375,
    #376,#377,#378,#379,#380,#381,#382,#383,#384,#385,#386,#387,#388,
    #389,#390,#391,#392,#393,#394,#395,#396,#397,#398,#399,#400,#401,
    #402,#403,#404,#405,#406),.UNSPECIFIED.,.F.,.F.,(4,1,1,1,1,1,1,1,1,1
    ,1,1,1,1,1,1,1,1,1,1,1,1,1,1,1,1,1,1,1,1,1,1,1,1,1,1,1,1,1,1,1,1,1,1
    ,1,1,1,1,1,1,1,1,1,1,1,1,1,1,1,1,4),(0.,6.389469605574E-03,
    1.217031982079E-02,1.733726722321E-02,2.189366258756E-02,
    2.584891085352E-02,2.922825481253E-02,3.207704018996E-02,
    3.449360498675E-02,3.683105985983E-02,3.865549781805E-02,
    4.117415086266E-02,4.447250202797E-02,4.797317608915E-02,
    5.170438305564E-02,5.641035634217E-02,6.126777207029E-02,
    6.687948812487E-02,7.292979301735E-02,7.947666520718E-02,
    8.644400301868E-02,9.380230186444E-02,0.101511671268,0.109547003906,
    0.117891953855,0.126538890602,0.135483902527,0.144723546236,
    0.154251856292,0.164058959355,0.174130086809,0.184449402578,
    0.19500220827,0.20577491587,0.216755157617,0.227931761755,
    0.239294839188,0.250835723871,0.262546700215,0.274420871972,
    0.286452078124,0.298634232496,0.310960936467,0.323424685511,
    0.336015948563,0.348722125958,0.3615263927,0.374406532046,
    0.387333273874,0.400269077648,0.41317998633,0.42600333315,
    0.438621613912,0.450984307596,0.462970074965,0.474442007454,
    0.485223979282,0.495086575993,0.503710168579,0.510586720063,
    0.514450192645),.UNSPECIFIED.);
#344 = CARTESIAN_POINT('',(470.34938466646,58.922130365763,0.));
#345 = CARTESIAN_POINT('',(468.23155868766,58.707972423761,0.));
#346 = CARTESIAN_POINT('',(464.19819413634,58.249416665388,0.));
#347 = CARTESIAN_POINT('',(458.4871963403,57.353547341616,0.));
#348 = CARTESIAN_POINT('',(453.42810274727,56.286785980488,0.));
#349 = CARTESIAN_POINT('',(449.02822096088,55.070374264298,0.));
#350 = CARTESIAN_POINT('',(445.31378041692,53.679165779856,0.));
#351 = CARTESIAN_POINT('',(442.26006346751,52.157329008537,0.));
#352 = CARTESIAN_POINT('',(439.92584378953,50.480210487344,0.));
#353 = CARTESIAN_POINT('',(438.1115410463,48.593682576568,0.));
#354 = CARTESIAN_POINT('',(437.60324469432,46.419919830785,0.));
#355 = CARTESIAN_POINT('',(437.16140779523,44.194070159605,0.));
#356 = CARTESIAN_POINT('',(438.19456509094,41.746629512443,0.));
#357 = CARTESIAN_POINT('',(439.75312506775,39.090721791641,0.));
#358 = CARTESIAN_POINT('',(442.07514199631,36.406232817521,0.));
#359 = CARTESIAN_POINT('',(445.23190121106,33.979334545869,0.));
#360 = CARTESIAN_POINT('',(448.6653096019,31.155191776044,0.));
#361 = CARTESIAN_POINT('',(453.16124998003,28.798252975145,0.));
#362 = CARTESIAN_POINT('',(457.96834300248,26.116696243435,0.));
#363 = CARTESIAN_POINT('',(463.53522882817,23.678092944343,0.));
#364 = CARTESIAN_POINT('',(469.59045035891,21.255951249476,0.));
#365 = CARTESIAN_POINT('',(476.18865032022,19.036491720651,0.));
#366 = CARTESIAN_POINT('',(483.25298040826,17.016704255317,0.));
#367 = CARTESIAN_POINT('',(490.75741701901,15.273034043924,0.));
#368 = CARTESIAN_POINT('',(498.66104538585,13.837427344224,0.));
#369 = CARTESIAN_POINT('',(506.93416600372,12.740855011471,0.));
#370 = CARTESIAN_POINT('',(515.55024364554,11.993864585774,0.));
#371 = CARTESIAN_POINT('',(524.48790505166,11.599701509929,0.));
#372 = CARTESIAN_POINT('',(533.72766263571,11.555304943937,0.));
#373 = CARTESIAN_POINT('',(543.24983943506,11.859408692867,0.));
#374 = CARTESIAN_POINT('',(553.0320825213,12.514461572648,0.));
#375 = CARTESIAN_POINT('',(563.04784845638,13.53807487994,0.));
#376 = CARTESIAN_POINT('',(573.26727089782,14.95083073143,0.));
#377 = CARTESIAN_POINT('',(583.65974600486,16.770604461029,0.));
#378 = CARTESIAN_POINT('',(594.1940386297,19.016498686832,0.));
#379 = CARTESIAN_POINT('',(604.8389756463,21.704701016883,0.));
#380 = CARTESIAN_POINT('',(615.56258586517,24.852519689078,0.));
#381 = CARTESIAN_POINT('',(626.33320137358,28.473805009282,0.));
#382 = CARTESIAN_POINT('',(637.11889356184,32.581397856414,0.));
#383 = CARTESIAN_POINT('',(647.88707806482,37.187345965239,0.));
#384 = CARTESIAN_POINT('',(658.60566106089,42.299956136629,0.));
#385 = CARTESIAN_POINT('',(669.24231642176,47.92546592203,0.));
#386 = CARTESIAN_POINT('',(679.76480793901,54.066909456522,0.));
#387 = CARTESIAN_POINT('',(690.14100566577,60.723513245701,0.));
#388 = CARTESIAN_POINT('',(700.3396106804,67.889098470184,0.));
#389 = CARTESIAN_POINT('',(710.33007524225,75.551748383824,0.));
#390 = CARTESIAN_POINT('',(720.08269854153,83.693073425184,0.));
#391 = CARTESIAN_POINT('',(729.56864939347,92.287467685978,0.));
#392 = CARTESIAN_POINT('',(738.76064327172,101.30071465571,0.));
#393 = CARTESIAN_POINT('',(747.62942890373,110.69212574249,0.));
#394 = CARTESIAN_POINT('',(756.15981722395,120.40538493345,0.));
#395 = CARTESIAN_POINT('',(764.29726758747,130.40647689145,0.));
#396 = CARTESIAN_POINT('',(771.99288448863,140.61705691949,0.));
#397 = CARTESIAN_POINT('',(779.35367766727,150.84716041218,0.));
#398 = CARTESIAN_POINT('',(786.21089752825,161.08762776938,0.));
#399 = CARTESIAN_POINT('',(792.59754065792,171.1774917005,0.));
#400 = CARTESIAN_POINT('',(798.45407672932,180.97490559917,0.));
#401 = CARTESIAN_POINT('',(803.73872476227,190.28604821076,0.));
#402 = CARTESIAN_POINT('',(808.38192041362,198.86700286272,0.));
#403 = CARTESIAN_POINT('',(812.27581381873,206.37153221195,0.));
#404 = CARTESIAN_POINT('',(815.16714491719,212.1424395676,0.));
#405 = CARTESIAN_POINT('',(816.74080335084,215.35806942147,-0.));
#406 = CARTESIAN_POINT('',(817.30307192077,216.5166629178,0.));
#407 = CARTESIAN_POINT('',(470.34938466646,58.922130365763,0.));
#408 = CARTESIAN_POINT('',(817.30307192077,216.5166629178,0.));
#409 = ( GEOMETRIC_REPRESENTATION_CONTEXT(3) 
GLOBAL_UNCERTAINTY_ASSIGNED_CONTEXT((#413)) GLOBAL_UNIT_ASSIGNED_CONTEXT
((#410,#411,#412)) REPRESENTATION_CONTEXT('Context #1',
  '3D Context with UNIT and UNCERTAINTY') );
#410 = ( LENGTH_UNIT() NAMED_UNIT(*) SI_UNIT(.MILLI.,.METRE.) );
#411 = ( NAMED_UNIT(*) PLANE_ANGLE_UNIT() SI_UNIT($,.RADIAN.) );
#412 = ( NAMED_UNIT(*) SI_UNIT($,.STERADIAN.) SOLID_ANGLE_UNIT() );
#413 = UNCERTAINTY_MEASURE_WITH_UNIT(LENGTH_MEASURE(1.E-04),#410,
  'distance_accuracy_value','confusion accuracy');
#414 = CONTEXT_DEPENDENT_SHAPE_REPRESENTATION(#415,#417);
#415 = ( REPRESENTATION_RELATIONSHIP('','',#340,#10) 
REPRESENTATION_RELATIONSHIP_WITH_TRANSFORMATION(#416) 
SHAPE_REPRESENTATION_RELATIONSHIP() );
#416 = ITEM_DEFINED_TRANSFORMATION('','',#11,#31);
#417 = PRODUCT_DEFINITION_SHAPE('Placement','Placement of an item',#418
  );
#418 = NEXT_ASSEMBLY_USAGE_OCCURRENCE('5','','',#5,#335,$);
#419 = PRODUCT_RELATED_PRODUCT_CATEGORY('part',$,(#337));
#420 = SHAPE_DEFINITION_REPRESENTATION(#421,#427);
#421 = PRODUCT_DEFINITION_SHAPE('','',#422);
#422 = PRODUCT_DEFINITION('design','',#423,#426);
#423 = PRODUCT_DEFINITION_FORMATION('','',#424);
#424 = PRODUCT('Open CASCADE STEP translator 7.8 1.6',
  'Open CASCADE STEP translator 7.8 1.6','',(#425));
#425 = PRODUCT_CONTEXT('',#2,'mechanical');
#426 = PRODUCT_DEFINITION_CONTEXT('part definition',#2,'design');
#427 = GEOMETRICALLY_BOUNDED_WIREFRAME_SHAPE_REPRESENTATION('',(#11,#428
    ),#436);
#428 = GEOMETRIC_CURVE_SET('',(#429));
#429 = TRIMMED_CURVE('',#430,(#434,PARAMETER_VALUE(0.)),(#435,
    PARAMETER_VALUE(4.173920675797E-03)),.T.,.PARAMETER.);
#430 = LINE('',#431,#432);
#431 = CARTESIAN_POINT('',(817.30307192077,216.5166629178,0.));
#432 = VECTOR('',#433,1000.);
#433 = DIRECTION('',(-0.422618261741,0.906307787037,0.));
#434 = CARTESIAN_POINT('',(817.30307192077,216.5166629178,0.));
#435 = CARTESIAN_POINT('',(815.53909682012,220.29951972875,0.));
#436 = ( GEOMETRIC_REPRESENTATION_CONTEXT(3) 
GLOBAL_UNCERTAINTY_ASSIGNED_CONTEXT((#440)) GLOBAL_UNIT_ASSIGNED_CONTEXT
((#437,#438,#439)) REPRESENTATION_CONTEXT('Context #1',
  '3D Context with UNIT and UNCERTAINTY') );
#437 = ( LENGTH_UNIT() NAMED_UNIT(*) SI_UNIT(.MILLI.,.METRE.) );
#438 = ( NAMED_UNIT(*) PLANE_ANGLE_UNIT() SI_UNIT($,.RADIAN.) );
#439 = ( NAMED_UNIT(*) SI_UNIT($,.STERADIAN.) SOLID_ANGLE_UNIT() );
#440 = UNCERTAINTY_MEASURE_WITH_UNIT(LENGTH_MEASURE(1.E-04),#437,
  'distance_accuracy_value','confusion accuracy');
#441 = CONTEXT_DEPENDENT_SHAPE_REPRESENTATION(#442,#444);
#442 = ( REPRESENTATION_RELATIONSHIP('','',#427,#10) 
REPRESENTATION_RELATIONSHIP_WITH_TRANSFORMATION(#443) 
SHAPE_REPRESENTATION_RELATIONSHIP() );
#443 = ITEM_DEFINED_TRANSFORMATION('','',#11,#35);
#444 = PRODUCT_DEFINITION_SHAPE('Placement','Placement of an item',#445
  );
#445 = NEXT_ASSEMBLY_USAGE_OCCURRENCE('6','','',#5,#422,$);
#446 = PRODUCT_RELATED_PRODUCT_CATEGORY('part',$,(#424));
#447 = SHAPE_DEFINITION_REPRESENTATION(#448,#454);
#448 = PRODUCT_DEFINITION_SHAPE('','',#449);
#449 = PRODUCT_DEFINITION('design','',#450,#453);
#450 = PRODUCT_DEFINITION_FORMATION('','',#451);
#451 = PRODUCT('Open CASCADE STEP translator 7.8 1.7',
  'Open CASCADE STEP translator 7.8 1.7','',(#452));
#452 = PRODUCT_CONTEXT('',#2,'mechanical');
#453 = PRODUCT_DEFINITION_CONTEXT('part definition',#2,'design');
#454 = GEOMETRICALLY_BOUNDED_WIREFRAME_SHAPE_REPRESENTATION('',(#11,#455
    ),#501);
#455 = GEOMETRIC_CURVE_SET('',(#456));
#456 = TRIMMED_CURVE('',#457,(#499,PARAMETER_VALUE(0.)),(#500,
    PARAMETER_VALUE(0.265674422823)),.T.,.PARAMETER.);
#457 = B_SPLINE_CURVE_WITH_KNOTS('',3,(#458,#459,#460,#461,#462,#463,
    #464,#465,#466,#467,#468,#469,#470,#471,#472,#473,#474,#475,#476,
    #477,#478,#479,#480,#481,#482,#483,#484,#485,#486,#487,#488,#489,
    #490,#491,#492,#493,#494,#495,#496,#497,#498),.UNSPECIFIED.,.F.,.F.,
  (4,1,1,1,1,1,1,1,1,1,1,1,1,1,1,1,1,1,1,1,1,1,1,1,1,1,1,1,1,1,1,1,1,1,1
    ,1,1,1,4),(0.,2.290314629847E-03,6.377809576208E-03,
    1.152411684695E-02,1.743735858812E-02,2.393527121907E-02,
    3.088726484596E-02,3.819323261157E-02,4.577415349987E-02,
    5.356388515477E-02,6.151790167222E-02,6.958391351773E-02,
    7.772748557887E-02,8.592259262514E-02,9.414631192367E-02,
    0.102380085126,0.110608863424,0.118820052509,0.127002999566,
    0.135148025154,0.143245926008,0.151287404718,0.159262667165,
    0.167161267534,0.174971721516,0.182681501177,0.190276773591,
    0.197742740771,0.205063072947,0.212220317077,0.219195635714,
    0.225969001298,0.232519390274,0.238823721794,0.244854824009,
    0.250583349703,0.255980009428,0.261017814838,0.265674422823),
  .UNSPECIFIED.);
#458 = CARTESIAN_POINT('',(849.60293277741,419.28749592379,0.));
#459 = CARTESIAN_POINT('',(849.52502539917,418.52804441774,0.));
#460 = CARTESIAN_POINT('',(849.30153447664,416.4138718867,0.));
#461 = CARTESIAN_POINT('',(848.86413017644,412.59739868933,0.));
#462 = CARTESIAN_POINT('',(848.22279983718,407.58908921172,0.));
#463 = CARTESIAN_POINT('',(847.38389874988,401.79671694643,0.));
#464 = CARTESIAN_POINT('',(846.33520642868,395.42763858663,0.));
#465 = CARTESIAN_POINT('',(845.06196994589,388.62652312284,0.));
#466 = CARTESIAN_POINT('',(843.54641395709,381.50565799299,0.));
#467 = CARTESIAN_POINT('',(841.78159374774,374.15455726857,0.));
#468 = CARTESIAN_POINT('',(839.73252335175,366.65348398873,0.));
#469 = CARTESIAN_POINT('',(837.4422197492,359.05330251616,0.));
#470 = CARTESIAN_POINT('',(834.84751106247,351.42624741414,0.));
#471 = CARTESIAN_POINT('',(831.95665044219,343.82056912558,0.));
#472 = CARTESIAN_POINT('',(828.77731507398,336.27366352223,0.));
#473 = CARTESIAN_POINT('',(825.30896426177,328.82183006003,0.));
#474 = CARTESIAN_POINT('',(821.55768494765,321.49565747598,0.));
#475 = CARTESIAN_POINT('',(817.5317541007,314.32148940405,0.));
#476 = CARTESIAN_POINT('',(813.24283361999,307.32124473383,0.));
#477 = CARTESIAN_POINT('',(808.70539367478,300.51303728088,0.));
#478 = CARTESIAN_POINT('',(803.9365682075,293.91146947998,0.));
#479 = CARTESIAN_POINT('',(798.95604931551,287.52794684249,0.));
#480 = CARTESIAN_POINT('',(793.78578932318,281.37098122472,0.));
#481 = CARTESIAN_POINT('',(788.44953332781,275.44660569278,0.));
#482 = CARTESIAN_POINT('',(782.97222112751,269.75902416791,0.));
#483 = CARTESIAN_POINT('',(777.37996797339,264.3106868028,0.));
#484 = CARTESIAN_POINT('',(771.69985948919,259.10271149793,0.));
#485 = CARTESIAN_POINT('',(765.9611725477,254.1332668336,0.));
#486 = CARTESIAN_POINT('',(760.19174177635,249.40194183729,0.));
#487 = CARTESIAN_POINT('',(754.42250239319,244.90438186723,0.));
#488 = CARTESIAN_POINT('',(748.68358623459,240.6371621599,0.));
#489 = CARTESIAN_POINT('',(743.00705033755,236.59427317021,0.));
#490 = CARTESIAN_POINT('',(737.42506640182,232.76943108392,0.));
#491 = CARTESIAN_POINT('',(731.9704135761,229.15604555397,0.));
#492 = CARTESIAN_POINT('',(726.67845420267,225.74619647061,0.));
#493 = CARTESIAN_POINT('',(721.59189277015,222.5238800757,0.));
#494 = CARTESIAN_POINT('',(716.75628436735,219.47080541056,0.));
#495 = CARTESIAN_POINT('',(712.2174547531,216.56801666902,0.));
#496 = CARTESIAN_POINT('',(708.01720204824,213.79911279992,0.));
#497 = CARTESIAN_POINT('',(705.36180465441,211.95749159257,-0.));
#498 = CARTESIAN_POINT('',(704.100022665,211.05297934939,0.));
#499 = CARTESIAN_POINT('',(849.60293277741,419.28749592379,0.));
#500 = CARTESIAN_POINT('',(704.100022665,211.05297934939,0.));
#501 = ( GEOMETRIC_REPRESENTATION_CONTEXT(3) 
GLOBAL_UNCERTAINTY_ASSIGNED_CONTEXT((#505)) GLOBAL_UNIT_ASSIGNED_CONTEXT
((#502,#503,#504)) REPRESENTATION_CONTEXT('Context #1',
  '3D Context with UNIT and UNCERTAINTY') );
#502 = ( LENGTH_UNIT() NAMED_UNIT(*) SI_UNIT(.MILLI.,.METRE.) );
#503 = ( NAMED_UNIT(*) PLANE_ANGLE_UNIT() SI_UNIT($,.RADIAN.) );
#504 = ( NAMED_UNIT(*) SI_UNIT($,.STERADIAN.) SOLID_ANGLE_UNIT() );
#505 = UNCERTAINTY_MEASURE_WITH_UNIT(LENGTH_MEASURE(1.E-04),#502,
  'distance_accuracy_value','confusion accuracy');
#506 = CONTEXT_DEPENDENT_SHAPE_REPRESENTATION(#507,#509);
#507 = ( REPRESENTATION_RELATIONSHIP('','',#454,#10) 
REPRESENTATION_RELATIONSHIP_WITH_TRANSFORMATION(#508) 
SHAPE_REPRESENTATION_RELATIONSHIP() );
#508 = ITEM_DEFINED_TRANSFORMATION('','',#11,#39);
#509 = PRODUCT_DEFINITION_SHAPE('Placement','Placement of an item',#510
  );
#510 = NEXT_ASSEMBLY_USAGE_OCCURRENCE('7','','',#5,#449,$);
#511 = PRODUCT_RELATED_PRODUCT_CATEGORY('part',$,(#451));
#512 = SHAPE_DEFINITION_REPRESENTATION(#513,#519);
#513 = PRODUCT_DEFINITION_SHAPE('','',#514);
#514 = PRODUCT_DEFINITION('design','',#515,#518);
#515 = PRODUCT_DEFINITION_FORMATION('','',#516);
#516 = PRODUCT('Open CASCADE STEP translator 7.8 1.8',
  'Open CASCADE STEP translator 7.8 1.8','',(#517));
#517 = PRODUCT_CONTEXT('',#2,'mechanical');
#518 = PRODUCT_DEFINITION_CONTEXT('part definition',#2,'design');
#519 = GEOMETRICALLY_BOUNDED_WIREFRAME_SHAPE_REPRESENTATION('',(#11,#520
    ),#588);
#520 = GEOMETRIC_CURVE_SET('',(#521));
#521 = TRIMMED_CURVE('',#522,(#586,PARAMETER_VALUE(0.)),(#587,
    PARAMETER_VALUE(0.342966795096)),.T.,.PARAMETER.);
#522 = B_SPLINE_CURVE_WITH_KNOTS('',3,(#523,#524,#525,#526,#527,#528,
    #529,#530,#531,#532,#533,#534,#535,#536,#537,#538,#539,#540,#541,
    #542,#543,#544,#545,#546,#547,#548,#549,#550,#551,#552,#553,#554,
    #555,#556,#557,#558,#559,#560,#561,#562,#563,#564,#565,#566,#567,
    #568,#569,#570,#571,#572,#573,#574,#575,#576,#577,#578,#579,#580,
    #581,#582,#583,#584,#585),.UNSPECIFIED.,.F.,.F.,(4,1,1,1,1,1,1,1,1,1
    ,1,1,1,1,1,1,1,1,1,1,1,1,1,1,1,1,1,1,1,1,1,1,1,1,1,1,1,1,1,1,1,1,1,1
    ,1,1,1,1,1,1,1,1,1,1,1,1,1,1,1,1,4),(0.,4.259646403716E-03,
    8.113546547195E-03,1.155817814881E-02,1.459577505837E-02,
    1.723260723568E-02,1.948550320835E-02,2.138469345998E-02,
    2.299573665783E-02,2.455403990656E-02,2.57703318787E-02,
    2.744943390844E-02,2.964833468531E-02,3.198211739277E-02,
    3.446958870376E-02,3.760690422811E-02,4.084518138019E-02,
    4.458632541658E-02,4.861986201156E-02,5.298444347145E-02,
    5.762933534578E-02,6.253486790963E-02,6.767444751205E-02,
    7.303133593749E-02,7.859463590303E-02,8.435926040165E-02,
    9.032260168467E-02,9.648236415702E-02,0.102834570862,0.10937263957,
    0.11608672454,0.122966268385,0.13000147218,0.137183277246,
    0.144503438412,0.151954507837,0.159529892792,0.167223815914,
    0.175031133477,0.182947247982,0.190968052083,0.199089488331,
    0.207307290978,0.215616457008,0.224010632375,0.232481417305,
    0.241017595133,0.249604354697,0.258222182583,0.266846051765,
    0.27545332422,0.2840022221,0.292414409275,0.300656205064,
    0.308646716643,0.316294671636,0.323482652855,0.330057717329,
    0.335806779052,0.340391146708,0.342966795096),.UNSPECIFIED.);
#523 = CARTESIAN_POINT('',(704.100022665,211.05297934939,0.));
#524 = CARTESIAN_POINT('',(702.94868124671,210.223393211,0.));
#525 = CARTESIAN_POINT('',(700.77286905672,208.61419107002,0.));
#526 = CARTESIAN_POINT('',(697.77424604976,206.19329474277,0.));
#527 = CARTESIAN_POINT('',(695.20896412235,203.89103525275,0.));
#528 = CARTESIAN_POINT('',(693.07416176063,201.72211235883,0.));
#529 = CARTESIAN_POINT('',(691.39336467417,199.68075091785,0.));
#530 = CARTESIAN_POINT('',(690.13757929517,197.78421239847,0.));
#531 = CARTESIAN_POINT('',(689.34895644281,196.0378543428,0.));
#532 = CARTESIAN_POINT('',(688.93031090254,194.3438993646,0.));
#533 = CARTESIAN_POINT('',(689.36143344882,192.91944474084,0.));
#534 = CARTESIAN_POINT('',(689.84828868659,191.48707086765,0.));
#535 = CARTESIAN_POINT('',(691.26059587843,190.41842611642,0.));
#536 = CARTESIAN_POINT('',(693.04573347419,189.40455707114,0.));
#537 = CARTESIAN_POINT('',(695.281180231,188.62867228215,0.));
#538 = CARTESIAN_POINT('',(697.91270210395,188.2797549833,0.));
#539 = CARTESIAN_POINT('',(700.83636228592,187.79370485853,0.));
#540 = CARTESIAN_POINT('',(704.21774094046,187.93157240007,0.));
#541 = CARTESIAN_POINT('',(707.8869696349,187.98573923999,0.));
#542 = CARTESIAN_POINT('',(711.91388043127,188.43343957738,0.));
#543 = CARTESIAN_POINT('',(716.217244777,189.05342259474,0.));
#544 = CARTESIAN_POINT('',(720.76653714377,189.97141702542,0.));
#545 = CARTESIAN_POINT('',(725.51839251019,191.16006888462,0.));
#546 = CARTESIAN_POINT('',(730.43230441132,192.65483928895,0.));
#547 = CARTESIAN_POINT('',(735.47400194306,194.46053416337,0.));
#548 = CARTESIAN_POINT('',(740.61601446974,196.58513470449,0.));
#549 = CARTESIAN_POINT('',(745.83950602417,199.02588546174,0.));
#550 = CARTESIAN_POINT('',(751.13105493486,201.7775357725,0.));
#551 = CARTESIAN_POINT('',(756.48043031859,204.83182259786,0.));
#552 = CARTESIAN_POINT('',(761.87669374066,208.18145591228,0.));
#553 = CARTESIAN_POINT('',(767.30612345986,211.82039856417,0.));
#554 = CARTESIAN_POINT('',(772.74752418285,215.74997062771,0.));
#555 = CARTESIAN_POINT('',(778.17679186321,219.97209974601,0.));
#556 = CARTESIAN_POINT('',(783.57029892061,224.48690496767,0.));
#557 = CARTESIAN_POINT('',(788.90364419468,229.29500347846,0.));
#558 = CARTESIAN_POINT('',(794.15343400337,234.39535015622,0.));
#559 = CARTESIAN_POINT('',(799.29544035919,239.78728085359,0.));
#560 = CARTESIAN_POINT('',(804.30676301557,245.46823607749,0.));
#561 = CARTESIAN_POINT('',(809.16468768815,251.43498664293,0.));
#562 = CARTESIAN_POINT('',(813.84638587336,257.68362685776,0.));
#563 = CARTESIAN_POINT('',(818.330559261,264.20825471516,0.));
#564 = CARTESIAN_POINT('',(822.59646516841,271.00169609105,0.));
#565 = CARTESIAN_POINT('',(826.62448063361,278.05495734132,0.));
#566 = CARTESIAN_POINT('',(830.39631325459,285.35688190648,0.));
#567 = CARTESIAN_POINT('',(833.89595219699,292.89346946961,0.));
#568 = CARTESIAN_POINT('',(837.10973296322,300.6476573139,0.));
#569 = CARTESIAN_POINT('',(840.02663763658,308.59892795119,0.));
#570 = CARTESIAN_POINT('',(842.63855582754,316.72288740849,0.));
#571 = CARTESIAN_POINT('',(844.94114031095,324.99068593216,0.));
#572 = CARTESIAN_POINT('',(846.93106572072,333.36908152852,0.));
#573 = CARTESIAN_POINT('',(848.61833465004,341.82049711053,0.));
#574 = CARTESIAN_POINT('',(849.9827964886,350.30711369918,0.));
#575 = CARTESIAN_POINT('',(851.02233630205,358.76740046067,0.));
#576 = CARTESIAN_POINT('',(851.86205772763,367.12735119223,0.));
#577 = CARTESIAN_POINT('',(852.40758634119,375.3254277312,0.));
#578 = CARTESIAN_POINT('',(852.73162849428,383.27969443114,0.));
#579 = CARTESIAN_POINT('',(852.84709653873,390.88841267336,0.));
#580 = CARTESIAN_POINT('',(852.79447529927,398.02575271094,0.));
#581 = CARTESIAN_POINT('',(852.61490734115,404.52770107294,0.));
#582 = CARTESIAN_POINT('',(852.36153796371,410.15840758123,0.));
#583 = CARTESIAN_POINT('',(852.10721296651,414.45401952931,0.));
#584 = CARTESIAN_POINT('',(851.94388846883,416.83511710226,-0.));
#585 = CARTESIAN_POINT('',(851.88231654693,417.6914542259,0.));
#586 = CARTESIAN_POINT('',(704.100022665,211.05297934939,0.));
#587 = CARTESIAN_POINT('',(851.88231654693,417.6914542259,0.));
#588 = ( GEOMETRIC_REPRESENTATION_CONTEXT(3) 
GLOBAL_UNCERTAINTY_ASSIGNED_CONTEXT((#592)) GLOBAL_UNIT_ASSIGNED_CONTEXT
((#589,#590,#591)) REPRESENTATION_CONTEXT('Context #1',
  '3D Context with UNIT and UNCERTAINTY') );
#589 = ( LENGTH_UNIT() NAMED_UNIT(*) SI_UNIT(.MILLI.,.METRE.) );
#590 = ( NAMED_UNIT(*) PLANE_ANGLE_UNIT() SI_UNIT($,.RADIAN.) );
#591 = ( NAMED_UNIT(*) SI_UNIT($,.STERADIAN.) SOLID_ANGLE_UNIT() );
#592 = UNCERTAINTY_MEASURE_WITH_UNIT(LENGTH_MEASURE(1.E-04),#589,
  'distance_accuracy_value','confusion accuracy');
#593 = CONTEXT_DEPENDENT_SHAPE_REPRESENTATION(#594,#596);
#594 = ( REPRESENTATION_RELATIONSHIP('','',#519,#10) 
REPRESENTATION_RELATIONSHIP_WITH_TRANSFORMATION(#595) 
SHAPE_REPRESENTATION_RELATIONSHIP() );
#595 = ITEM_DEFINED_TRANSFORMATION('','',#11,#43);
#596 = PRODUCT_DEFINITION_SHAPE('Placement','Placement of an item',#597
  );
#597 = NEXT_ASSEMBLY_USAGE_OCCURRENCE('8','','',#5,#514,$);
#598 = PRODUCT_RELATED_PRODUCT_CATEGORY('part',$,(#516));
#599 = SHAPE_DEFINITION_REPRESENTATION(#600,#606);
#600 = PRODUCT_DEFINITION_SHAPE('','',#601);
#601 = PRODUCT_DEFINITION('design','',#602,#605);
#602 = PRODUCT_DEFINITION_FORMATION('','',#603);
#603 = PRODUCT('Open CASCADE STEP translator 7.8 1.9',
  'Open CASCADE STEP translator 7.8 1.9','',(#604));
#604 = PRODUCT_CONTEXT('',#2,'mechanical');
#605 = PRODUCT_DEFINITION_CONTEXT('part definition',#2,'design');
#606 = GEOMETRICALLY_BOUNDED_WIREFRAME_SHAPE_REPRESENTATION('',(#11,#607
    ),#615);
#607 = GEOMETRIC_CURVE_SET('',(#608));
#608 = TRIMMED_CURVE('',#609,(#613,PARAMETER_VALUE(0.)),(#614,
    PARAMETER_VALUE(2.782613783865E-03)),.T.,.PARAMETER.);
#609 = LINE('',#610,#611);
#610 = CARTESIAN_POINT('',(851.88231654693,417.6914542259,0.));
#611 = VECTOR('',#612,1.E+03);
#612 = DIRECTION('',(-0.819152044289,0.573576436351,0.));
#613 = CARTESIAN_POINT('',(851.88231654693,417.6914542259,0.));
#614 = CARTESIAN_POINT('',(849.60293277741,419.28749592379,0.));
#615 = ( GEOMETRIC_REPRESENTATION_CONTEXT(3) 
GLOBAL_UNCERTAINTY_ASSIGNED_CONTEXT((#619)) GLOBAL_UNIT_ASSIGNED_CONTEXT
((#616,#617,#618)) REPRESENTATION_CONTEXT('Context #1',
  '3D Context with UNIT and UNCERTAINTY') );
#616 = ( LENGTH_UNIT() NAMED_UNIT(*) SI_UNIT(.MILLI.,.METRE.) );
#617 = ( NAMED_UNIT(*) PLANE_ANGLE_UNIT() SI_UNIT($,.RADIAN.) );
#618 = ( NAMED_UNIT(*) SI_UNIT($,.STERADIAN.) SOLID_ANGLE_UNIT() );
#619 = UNCERTAINTY_MEASURE_WITH_UNIT(LENGTH_MEASURE(1.E-04),#616,
  'distance_accuracy_value','confusion accuracy');
#620 = CONTEXT_DEPENDENT_SHAPE_REPRESENTATION(#621,#623);
#621 = ( REPRESENTATION_RELATIONSHIP('','',#606,#10) 
REPRESENTATION_RELATIONSHIP_WITH_TRANSFORMATION(#622) 
SHAPE_REPRESENTATION_RELATIONSHIP() );
#622 = ITEM_DEFINED_TRANSFORMATION('','',#11,#47);
#623 = PRODUCT_DEFINITION_SHAPE('Placement','Placement of an item',#624
  );
#624 = NEXT_ASSEMBLY_USAGE_OCCURRENCE('9','','',#5,#601,$);
#625 = PRODUCT_RELATED_PRODUCT_CATEGORY('part',$,(#603));
#626 = SHAPE_DEFINITION_REPRESENTATION(#627,#633);
#627 = PRODUCT_DEFINITION_SHAPE('','',#628);
#628 = PRODUCT_DEFINITION('design','',#629,#632);
#629 = PRODUCT_DEFINITION_FORMATION('','',#630);
#630 = PRODUCT('Open CASCADE STEP translator 7.8 1.10',
  'Open CASCADE STEP translator 7.8 1.10','',(#631));
#631 = PRODUCT_CONTEXT('',#2,'mechanical');
#632 = PRODUCT_DEFINITION_CONTEXT('part definition',#2,'design');
#633 = GEOMETRICALLY_BOUNDED_WIREFRAME_SHAPE_REPRESENTATION('',(#11,#634
    ),#680);
#634 = GEOMETRIC_CURVE_SET('',(#635));
#635 = TRIMMED_CURVE('',#636,(#678,PARAMETER_VALUE(0.)),(#679,
    PARAMETER_VALUE(0.177116281882)),.T.,.PARAMETER.);
#636 = B_SPLINE_CURVE_WITH_KNOTS('',3,(#637,#638,#639,#640,#641,#642,
    #643,#644,#645,#646,#647,#648,#649,#650,#651,#652,#653,#654,#655,
    #656,#657,#658,#659,#660,#661,#662,#663,#664,#665,#666,#667,#668,
    #669,#670,#671,#672,#673,#674,#675,#676,#677),.UNSPECIFIED.,.F.,.F.,
  (4,1,1,1,1,1,1,1,1,1,1,1,1,1,1,1,1,1,1,1,1,1,1,1,1,1,1,1,1,1,1,1,1,1,1
    ,1,1,1,4),(0.,1.526876419898E-03,4.251873050805E-03,
    7.682744564632E-03,1.162490572541E-02,1.595684747938E-02,
    2.059150989731E-02,2.546215507438E-02,3.051610233325E-02,
    3.570925676985E-02,4.101193444815E-02,4.638927567848E-02,
    5.181832371925E-02,5.728172841676E-02,6.276420794911E-02,
    6.825339008382E-02,7.373924228291E-02,7.921336833931E-02,
    8.466866637722E-02,9.009868343589E-02,9.549728400544E-02,
    0.100858269812,0.106175111443,0.111440845023,0.116647814344,
    0.121787667452,0.126851182394,0.131828493847,0.136708715298,
    0.141480211385,0.14613042381,0.150646000865,0.155012926849,
    0.159215814529,0.163236549339,0.167055566468,0.170653339618,
    0.174011876559,0.177116281882),.UNSPECIFIED.);
#637 = CARTESIAN_POINT('',(843.95229004347,535.50092195335,0.));
#638 = CARTESIAN_POINT('',(843.9446764721,534.99202086055,0.));
#639 = CARTESIAN_POINT('',(843.91909100887,533.57495020481,0.));
#640 = CARTESIAN_POINT('',(843.85034948314,531.01490176394,0.));
#641 = CARTESIAN_POINT('',(843.71542484896,527.65147045057,0.));
#642 = CARTESIAN_POINT('',(843.49484464341,523.75584005896,0.));
#643 = CARTESIAN_POINT('',(843.16844465991,519.46501229101,0.));
#644 = CARTESIAN_POINT('',(842.71802121737,514.87420893268,0.));
#645 = CARTESIAN_POINT('',(842.12524484983,510.05697060197,0.));
#646 = CARTESIAN_POINT('',(841.38030225517,505.07234274666,0.));
#647 = CARTESIAN_POINT('',(840.45529462091,499.97159762421,0.));
#648 = CARTESIAN_POINT('',(839.37583539116,494.7910152248,0.));
#649 = CARTESIAN_POINT('',(838.09577313488,489.57489814647,0.));
#650 = CARTESIAN_POINT('',(836.61778547988,484.35577048581,0.));
#651 = CARTESIAN_POINT('',(834.94479823057,479.15891402947,0.));
#652 = CARTESIAN_POINT('',(833.07434315723,474.0084049113,0.));
#653 = CARTESIAN_POINT('',(831.00868545674,468.92491169769,0.));
#654 = CARTESIAN_POINT('',(828.75179144494,463.92641090456,0.));
#655 = CARTESIAN_POINT('',(826.31013256508,459.02813712063,0.));
#656 = CARTESIAN_POINT('',(823.69226640576,454.24296104281,0.));
#657 = CARTESIAN_POINT('',(820.90872367133,449.58157613081,0.));
#658 = CARTESIAN_POINT('',(817.97191976658,445.05270131087,0.));
#659 = CARTESIAN_POINT('',(814.89593931283,440.66326507448,0.));
#660 = CARTESIAN_POINT('',(811.69620159253,436.41865384169,0.));
#661 = CARTESIAN_POINT('',(808.38902560487,432.3231086596,0.));
#662 = CARTESIAN_POINT('',(804.99161290305,428.37977414373,0.));
#663 = CARTESIAN_POINT('',(801.52188690263,424.59096650351,0.));
#664 = CARTESIAN_POINT('',(797.99939765973,420.95717053694,0.));
#665 = CARTESIAN_POINT('',(794.44265485893,417.47973060335,0.));
#666 = CARTESIAN_POINT('',(790.87245652174,414.15755210999,0.));
#667 = CARTESIAN_POINT('',(787.30901309045,410.99011134438,0.));
#668 = CARTESIAN_POINT('',(783.77396377618,407.97527982515,0.));
#669 = CARTESIAN_POINT('',(780.28903987705,405.11075358294,0.));
#670 = CARTESIAN_POINT('',(776.8763939269,402.3940603659,0.));
#671 = CARTESIAN_POINT('',(773.5599712997,399.82199488062,0.));
#672 = CARTESIAN_POINT('',(770.36906319848,397.38640984871,0.));
#673 = CARTESIAN_POINT('',(767.33498688994,395.07780462453,0.));
#674 = CARTESIAN_POINT('',(764.48927803097,392.88625274438,0.));
#675 = CARTESIAN_POINT('',(761.86064896303,390.80329041227,0.));
#676 = CARTESIAN_POINT('',(760.20412566911,389.42592613574,-0.));
#677 = CARTESIAN_POINT('',(759.4186942747,388.75189823742,0.));
#678 = CARTESIAN_POINT('',(843.95229004347,535.50092195335,0.));
#679 = CARTESIAN_POINT('',(759.4186942747,388.75189823742,0.));
#680 = ( GEOMETRIC_REPRESENTATION_CONTEXT(3) 
GLOBAL_UNCERTAINTY_ASSIGNED_CONTEXT((#684)) GLOBAL_UNIT_ASSIGNED_CONTEXT
((#681,#682,#683)) REPRESENTATION_CONTEXT('Context #1',
  '3D Context with UNIT and UNCERTAINTY') );
#681 = ( LENGTH_UNIT() NAMED_UNIT(*) SI_UNIT(.MILLI.,.METRE.) );
#682 = ( NAMED_UNIT(*) PLANE_ANGLE_UNIT() SI_UNIT($,.RADIAN.) );
#683 = ( NAMED_UNIT(*) SI_UNIT($,.STERADIAN.) SOLID_ANGLE_UNIT() );
#684 = UNCERTAINTY_MEASURE_WITH_UNIT(LENGTH_MEASURE(1.E-04),#681,
  'distance_accuracy_value','confusion accuracy');
#685 = CONTEXT_DEPENDENT_SHAPE_REPRESENTATION(#686,#688);
#686 = ( REPRESENTATION_RELATIONSHIP('','',#633,#10) 
REPRESENTATION_RELATIONSHIP_WITH_TRANSFORMATION(#687) 
SHAPE_REPRESENTATION_RELATIONSHIP() );
#687 = ITEM_DEFINED_TRANSFORMATION('','',#11,#51);
#688 = PRODUCT_DEFINITION_SHAPE('Placement','Placement of an item',#689
  );
#689 = NEXT_ASSEMBLY_USAGE_OCCURRENCE('10','','',#5,#628,$);
#690 = PRODUCT_RELATED_PRODUCT_CATEGORY('part',$,(#630));
#691 = SHAPE_DEFINITION_REPRESENTATION(#692,#698);
#692 = PRODUCT_DEFINITION_SHAPE('','',#693);
#693 = PRODUCT_DEFINITION('design','',#694,#697);
#694 = PRODUCT_DEFINITION_FORMATION('','',#695);
#695 = PRODUCT('Open CASCADE STEP translator 7.8 1.11',
  'Open CASCADE STEP translator 7.8 1.11','',(#696));
#696 = PRODUCT_CONTEXT('',#2,'mechanical');
#697 = PRODUCT_DEFINITION_CONTEXT('part definition',#2,'design');
#698 = GEOMETRICALLY_BOUNDED_WIREFRAME_SHAPE_REPRESENTATION('',(#11,#699
    ),#767);
#699 = GEOMETRIC_CURVE_SET('',(#700));
#700 = TRIMMED_CURVE('',#701,(#765,PARAMETER_VALUE(0.)),(#766,
    PARAMETER_VALUE(0.228644530064)),.T.,.PARAMETER.);
#701 = B_SPLINE_CURVE_WITH_KNOTS('',3,(#702,#703,#704,#705,#706,#707,
    #708,#709,#710,#711,#712,#713,#714,#715,#716,#717,#718,#719,#720,
    #721,#722,#723,#724,#725,#726,#727,#728,#729,#730,#731,#732,#733,
    #734,#735,#736,#737,#738,#739,#740,#741,#742,#743,#744,#745,#746,
    #747,#748,#749,#750,#751,#752,#753,#754,#755,#756,#757,#758,#759,
    #760,#761,#762,#763,#764),.UNSPECIFIED.,.F.,.F.,(4,1,1,1,1,1,1,1,1,1
    ,1,1,1,1,1,1,1,1,1,1,1,1,1,1,1,1,1,1,1,1,1,1,1,1,1,1,1,1,1,1,1,1,1,1
    ,1,1,1,1,1,1,1,1,1,1,1,1,1,1,1,1,4),(0.,2.839764269144E-03,
    5.409031031463E-03,7.705452099205E-03,9.730516705582E-03,
    1.148840482379E-02,1.299033547223E-02,1.425646230665E-02,
    1.533049110522E-02,1.63693599377E-02,1.718022125247E-02,
    1.829962260563E-02,1.976555645688E-02,2.132141159518E-02,
    2.297972580251E-02,2.507126948541E-02,2.723012092013E-02,
    2.972421694439E-02,3.241324134104E-02,3.53229623143E-02,
    3.841955689719E-02,4.168991193975E-02,4.511629834136E-02,
    4.868755729166E-02,5.239642393535E-02,5.623950693443E-02,
    6.021506778978E-02,6.432157610468E-02,6.855638057444E-02,
    7.291509304688E-02,7.739114969311E-02,8.197751225694E-02,
    8.666764811999E-02,9.145551816431E-02,9.633562560773E-02,
    0.101303005224,0.106353261861,0.111482543943,0.116687422318,
    0.121964831988,0.127312034722,0.132726325554,0.138204860652,
    0.143744304672,0.149340421584,0.154987611537,0.160678396755,
    0.166402903132,0.172148121722,0.177897367844,0.18363554948,
    0.189334814733,0.194942939517,0.200437470043,0.205764477762,
    0.210863114424,0.215655101903,0.220038478219,0.223871186035,
    0.226927431139,0.228644530064),.UNSPECIFIED.);
#702 = CARTESIAN_POINT('',(759.4186942747,388.75189823742,0.));
#703 = CARTESIAN_POINT('',(758.70225626101,388.13404801799,0.));
#704 = CARTESIAN_POINT('',(757.35073535442,386.93890590565,0.));
#705 = CARTESIAN_POINT('',(755.49992380536,385.15688503817,0.));
#706 = CARTESIAN_POINT('',(753.93001372579,383.47883320528,0.));
#707 = CARTESIAN_POINT('',(752.63825058684,381.91434668998,0.));
#708 = CARTESIAN_POINT('',(751.64059407118,380.46095698141,0.));
#709 = CARTESIAN_POINT('',(750.91678572905,379.12844329795,0.));
#710 = CARTESIAN_POINT('',(750.4945078818,377.92281286697,0.));
#711 = CARTESIAN_POINT('',(750.31489817294,376.77348197957,0.));
#712 = CARTESIAN_POINT('',(750.68398576999,375.85250908749,0.));
#713 = CARTESIAN_POINT('',(751.09054724693,374.92951506862,0.));
#714 = CARTESIAN_POINT('',(752.09059488935,374.30185669994,0.));
#715 = CARTESIAN_POINT('',(753.33506763465,373.73223938367,0.));
#716 = CARTESIAN_POINT('',(754.86477631603,373.3468391899,0.));
#717 = CARTESIAN_POINT('',(756.63272183875,373.26801431004,0.));
#718 = CARTESIAN_POINT('',(758.60265306004,373.1150897883,0.));
#719 = CARTESIAN_POINT('',(760.84031675331,373.40312277635,0.));
#720 = CARTESIAN_POINT('',(763.27401356686,373.65229282363,0.));
#721 = CARTESIAN_POINT('',(765.92239191992,374.18360289287,0.));
#722 = CARTESIAN_POINT('',(768.7443610298,374.84539403332,0.));
#723 = CARTESIAN_POINT('',(771.71234266273,375.71939279327,0.));
#724 = CARTESIAN_POINT('',(774.79912618704,376.78491290254,0.));
#725 = CARTESIAN_POINT('',(777.97574962569,378.06315156467,0.));
#726 = CARTESIAN_POINT('',(781.21917340739,379.55530926691,0.));
#727 = CARTESIAN_POINT('',(784.51068972631,381.26509041065,0.));
#728 = CARTESIAN_POINT('',(787.83794915761,383.18957057724,0.));
#729 = CARTESIAN_POINT('',(791.19234305288,385.3244827947,0.));
#730 = CARTESIAN_POINT('',(794.56755689191,387.66374487915,0.));
#731 = CARTESIAN_POINT('',(797.95674971266,390.20187974248,0.));
#732 = CARTESIAN_POINT('',(801.35115927951,392.93408064671,0.));
#733 = CARTESIAN_POINT('',(804.73663246522,395.85999276475,0.));
#734 = CARTESIAN_POINT('',(808.09704905083,398.97949576447,0.));
#735 = CARTESIAN_POINT('',(811.41671033899,402.29129585669,0.));
#736 = CARTESIAN_POINT('',(814.67937493114,405.79438513205,0.));
#737 = CARTESIAN_POINT('',(817.8695671115,409.48671023129,0.));
#738 = CARTESIAN_POINT('',(820.97123494113,413.36642233553,0.));
#739 = CARTESIAN_POINT('',(823.96931840024,417.43049101714,0.));
#740 = CARTESIAN_POINT('',(826.84891988372,421.67545189125,0.));
#741 = CARTESIAN_POINT('',(829.59510523778,426.09738464788,0.));
#742 = CARTESIAN_POINT('',(832.19407254913,430.69113207507,0.));
#743 = CARTESIAN_POINT('',(834.6324628282,435.45072439394,0.));
#744 = CARTESIAN_POINT('',(836.89776644633,440.36904848823,0.));
#745 = CARTESIAN_POINT('',(838.9784831131,445.43763209575,0.));
#746 = CARTESIAN_POINT('',(840.8647930283,450.64624689807,0.));
#747 = CARTESIAN_POINT('',(842.54861260108,455.98276707687,0.));
#748 = CARTESIAN_POINT('',(844.02381664925,461.43292617372,0.));
#749 = CARTESIAN_POINT('',(845.28643620467,466.9800521796,0.));
#750 = CARTESIAN_POINT('',(846.33526042672,472.60473252297,0.));
#751 = CARTESIAN_POINT('',(847.17001232777,478.28469698878,0.));
#752 = CARTESIAN_POINT('',(847.79951830065,483.99557070272,0.));
#753 = CARTESIAN_POINT('',(848.21259315206,489.71106612628,0.));
#754 = CARTESIAN_POINT('',(848.4114074681,495.39019591341,0.));
#755 = CARTESIAN_POINT('',(848.4833463459,500.99107933983,0.));
#756 = CARTESIAN_POINT('',(848.36930852099,506.46736356261,0.));
#757 = CARTESIAN_POINT('',(848.12234122273,511.76885719476,0.));
#758 = CARTESIAN_POINT('',(847.75693133202,516.828742845,0.));
#759 = CARTESIAN_POINT('',(847.30727721736,521.56580555214,0.));
#760 = CARTESIAN_POINT('',(846.81023269295,525.87350962329,0.));
#761 = CARTESIAN_POINT('',(846.31479693402,529.59830787248,0.));
#762 = CARTESIAN_POINT('',(845.89630062489,532.43637451495,0.));
#763 = CARTESIAN_POINT('',(845.64948107411,534.00824258823,-0.));
#764 = CARTESIAN_POINT('',(845.55883286064,534.5733840254,0.));
#765 = CARTESIAN_POINT('',(759.4186942747,388.75189823742,0.));
#766 = CARTESIAN_POINT('',(845.55883286064,534.5733840254,0.));
#767 = ( GEOMETRIC_REPRESENTATION_CONTEXT(3) 
GLOBAL_UNCERTAINTY_ASSIGNED_CONTEXT((#771)) GLOBAL_UNIT_ASSIGNED_CONTEXT
((#768,#769,#770)) REPRESENTATION_CONTEXT('Context #1',
  '3D Context with UNIT and UNCERTAINTY') );
#768 = ( LENGTH_UNIT() NAMED_UNIT(*) SI_UNIT(.MILLI.,.METRE.) );
#769 = ( NAMED_UNIT(*) PLANE_ANGLE_UNIT() SI_UNIT($,.RADIAN.) );
#770 = ( NAMED_UNIT(*) SI_UNIT($,.STERADIAN.) SOLID_ANGLE_UNIT() );
#771 = UNCERTAINTY_MEASURE_WITH_UNIT(LENGTH_MEASURE(1.E-04),#768,
  'distance_accuracy_value','confusion accuracy');
#772 = CONTEXT_DEPENDENT_SHAPE_REPRESENTATION(#773,#775);
#773 = ( REPRESENTATION_RELATIONSHIP('','',#698,#10) 
REPRESENTATION_RELATIONSHIP_WITH_TRANSFORMATION(#774) 
SHAPE_REPRESENTATION_RELATIONSHIP() );
#774 = ITEM_DEFINED_TRANSFORMATION('','',#11,#55);
#775 = PRODUCT_DEFINITION_SHAPE('Placement','Placement of an item',#776
  );
#776 = NEXT_ASSEMBLY_USAGE_OCCURRENCE('11','','',#5,#693,$);
#777 = PRODUCT_RELATED_PRODUCT_CATEGORY('part',$,(#695));
#778 = SHAPE_DEFINITION_REPRESENTATION(#779,#785);
#779 = PRODUCT_DEFINITION_SHAPE('','',#780);
#780 = PRODUCT_DEFINITION('design','',#781,#784);
#781 = PRODUCT_DEFINITION_FORMATION('','',#782);
#782 = PRODUCT('Open CASCADE STEP translator 7.8 1.12',
  'Open CASCADE STEP translator 7.8 1.12','',(#783));
#783 = PRODUCT_CONTEXT('',#2,'mechanical');
#784 = PRODUCT_DEFINITION_CONTEXT('part definition',#2,'design');
#785 = GEOMETRICALLY_BOUNDED_WIREFRAME_SHAPE_REPRESENTATION('',(#11,#786
    ),#794);
#786 = GEOMETRIC_CURVE_SET('',(#787));
#787 = TRIMMED_CURVE('',#788,(#792,PARAMETER_VALUE(0.)),(#793,
    PARAMETER_VALUE(1.85507585591E-03)),.T.,.PARAMETER.);
#788 = LINE('',#789,#790);
#789 = CARTESIAN_POINT('',(845.55883286064,534.5733840254,0.));
#790 = VECTOR('',#791,1.E+03);
#791 = DIRECTION('',(-0.866025403784,0.5,0.));
#792 = CARTESIAN_POINT('',(845.55883286064,534.5733840254,0.));
#793 = CARTESIAN_POINT('',(843.95229004347,535.50092195335,0.));
#794 = ( GEOMETRIC_REPRESENTATION_CONTEXT(3) 
GLOBAL_UNCERTAINTY_ASSIGNED_CONTEXT((#798)) GLOBAL_UNIT_ASSIGNED_CONTEXT
((#795,#796,#797)) REPRESENTATION_CONTEXT('Context #1',
  '3D Context with UNIT and UNCERTAINTY') );
#795 = ( LENGTH_UNIT() NAMED_UNIT(*) SI_UNIT(.MILLI.,.METRE.) );
#796 = ( NAMED_UNIT(*) PLANE_ANGLE_UNIT() SI_UNIT($,.RADIAN.) );
#797 = ( NAMED_UNIT(*) SI_UNIT($,.STERADIAN.) SOLID_ANGLE_UNIT() );
#798 = UNCERTAINTY_MEASURE_WITH_UNIT(LENGTH_MEASURE(1.E-04),#795,
  'distance_accuracy_value','confusion accuracy');
#799 = CONTEXT_DEPENDENT_SHAPE_REPRESENTATION(#800,#802);
#800 = ( REPRESENTATION_RELATIONSHIP('','',#785,#10) 
REPRESENTATION_RELATIONSHIP_WITH_TRANSFORMATION(#801) 
SHAPE_REPRESENTATION_RELATIONSHIP() );
#801 = ITEM_DEFINED_TRANSFORMATION('','',#11,#59);
#802 = PRODUCT_DEFINITION_SHAPE('Placement','Placement of an item',#803
  );
#803 = NEXT_ASSEMBLY_USAGE_OCCURRENCE('12','','',#5,#780,$);
#804 = PRODUCT_RELATED_PRODUCT_CATEGORY('part',$,(#782));
#805 = SHAPE_DEFINITION_REPRESENTATION(#806,#812);
#806 = PRODUCT_DEFINITION_SHAPE('','',#807);
#807 = PRODUCT_DEFINITION('design','',#808,#811);
#808 = PRODUCT_DEFINITION_FORMATION('','',#809);
#809 = PRODUCT('Open CASCADE STEP translator 7.8 1.13',
  'Open CASCADE STEP translator 7.8 1.13','',(#810));
#810 = PRODUCT_CONTEXT('',#2,'mechanical');
#811 = PRODUCT_DEFINITION_CONTEXT('part definition',#2,'design');
#812 = GEOMETRICALLY_BOUNDED_WIREFRAME_SHAPE_REPRESENTATION('',(#11,#813
    ),#821);
#813 = GEOMETRIC_CURVE_SET('',(#814));
#814 = TRIMMED_CURVE('',#815,(#819,PARAMETER_VALUE(0.)),(#820,
    PARAMETER_VALUE(10.)),.T.,.PARAMETER.);
#815 = LINE('',#816,#817);
#816 = CARTESIAN_POINT('',(-2.E+03,-3.E+03,0.));
#817 = VECTOR('',#818,1.E+03);
#818 = DIRECTION('',(1.,0.,0.));
#819 = CARTESIAN_POINT('',(-2.E+03,-3.E+03,0.));
#820 = CARTESIAN_POINT('',(8.E+03,-3.E+03,0.));
#821 = ( GEOMETRIC_REPRESENTATION_CONTEXT(3) 
GLOBAL_UNCERTAINTY_ASSIGNED_CONTEXT((#825)) GLOBAL_UNIT_ASSIGNED_CONTEXT
((#822,#823,#824)) REPRESENTATION_CONTEXT('Context #1',
  '3D Context with UNIT and UNCERTAINTY') );
#822 = ( LENGTH_UNIT() NAMED_UNIT(*) SI_UNIT(.MILLI.,.METRE.) );
#823 = ( NAMED_UNIT(*) PLANE_ANGLE_UNIT() SI_UNIT($,.RADIAN.) );
#824 = ( NAMED_UNIT(*) SI_UNIT($,.STERADIAN.) SOLID_ANGLE_UNIT() );
#825 = UNCERTAINTY_MEASURE_WITH_UNIT(LENGTH_MEASURE(1.E-04),#822,
  'distance_accuracy_value','confusion accuracy');
#826 = CONTEXT_DEPENDENT_SHAPE_REPRESENTATION(#827,#829);
#827 = ( REPRESENTATION_RELATIONSHIP('','',#812,#10) 
REPRESENTATION_RELATIONSHIP_WITH_TRANSFORMATION(#828) 
SHAPE_REPRESENTATION_RELATIONSHIP() );
#828 = ITEM_DEFINED_TRANSFORMATION('','',#11,#63);
#829 = PRODUCT_DEFINITION_SHAPE('Placement','Placement of an item',#830
  );
#830 = NEXT_ASSEMBLY_USAGE_OCCURRENCE('13','','',#5,#807,$);
#831 = PRODUCT_RELATED_PRODUCT_CATEGORY('part',$,(#809));
#832 = SHAPE_DEFINITION_REPRESENTATION(#833,#839);
#833 = PRODUCT_DEFINITION_SHAPE('','',#834);
#834 = PRODUCT_DEFINITION('design','',#835,#838);
#835 = PRODUCT_DEFINITION_FORMATION('','',#836);
#836 = PRODUCT('Open CASCADE STEP translator 7.8 1.14',
  'Open CASCADE STEP translator 7.8 1.14','',(#837));
#837 = PRODUCT_CONTEXT('',#2,'mechanical');
#838 = PRODUCT_DEFINITION_CONTEXT('part definition',#2,'design');
#839 = GEOMETRICALLY_BOUNDED_WIREFRAME_SHAPE_REPRESENTATION('',(#11,#840
    ),#848);
#840 = GEOMETRIC_CURVE_SET('',(#841));
#841 = TRIMMED_CURVE('',#842,(#846,PARAMETER_VALUE(0.)),(#847,
    PARAMETER_VALUE(6.)),.T.,.PARAMETER.);
#842 = LINE('',#843,#844);
#843 = CARTESIAN_POINT('',(8.E+03,-3.E+03,0.));
#844 = VECTOR('',#845,1.E+03);
#845 = DIRECTION('',(0.,1.,0.));
#846 = CARTESIAN_POINT('',(8.E+03,-3.E+03,0.));
#847 = CARTESIAN_POINT('',(8.E+03,3.E+03,0.));
#848 = ( GEOMETRIC_REPRESENTATION_CONTEXT(3) 
GLOBAL_UNCERTAINTY_ASSIGNED_CONTEXT((#852)) GLOBAL_UNIT_ASSIGNED_CONTEXT
((#849,#850,#851)) REPRESENTATION_CONTEXT('Context #1',
  '3D Context with UNIT and UNCERTAINTY') );
#849 = ( LENGTH_UNIT() NAMED_UNIT(*) SI_UNIT(.MILLI.,.METRE.) );
#850 = ( NAMED_UNIT(*) PLANE_ANGLE_UNIT() SI_UNIT($,.RADIAN.) );
#851 = ( NAMED_UNIT(*) SI_UNIT($,.STERADIAN.) SOLID_ANGLE_UNIT() );
#852 = UNCERTAINTY_MEASURE_WITH_UNIT(LENGTH_MEASURE(1.E-04),#849,
  'distance_accuracy_value','confusion accuracy');
#853 = CONTEXT_DEPENDENT_SHAPE_REPRESENTATION(#854,#856);
#854 = ( REPRESENTATION_RELATIONSHIP('','',#839,#10) 
REPRESENTATION_RELATIONSHIP_WITH_TRANSFORMATION(#855) 
SHAPE_REPRESENTATION_RELATIONSHIP() );
#855 = ITEM_DEFINED_TRANSFORMATION('','',#11,#67);
#856 = PRODUCT_DEFINITION_SHAPE('Placement','Placement of an item',#857
  );
#857 = NEXT_ASSEMBLY_USAGE_OCCURRENCE('14','','',#5,#834,$);
#858 = PRODUCT_RELATED_PRODUCT_CATEGORY('part',$,(#836));
#859 = SHAPE_DEFINITION_REPRESENTATION(#860,#866);
#860 = PRODUCT_DEFINITION_SHAPE('','',#861);
#861 = PRODUCT_DEFINITION('design','',#862,#865);
#862 = PRODUCT_DEFINITION_FORMATION('','',#863);
#863 = PRODUCT('Open CASCADE STEP translator 7.8 1.15',
  'Open CASCADE STEP translator 7.8 1.15','',(#864));
#864 = PRODUCT_CONTEXT('',#2,'mechanical');
#865 = PRODUCT_DEFINITION_CONTEXT('part definition',#2,'design');
#866 = GEOMETRICALLY_BOUNDED_WIREFRAME_SHAPE_REPRESENTATION('',(#11,#867
    ),#875);
#867 = GEOMETRIC_CURVE_SET('',(#868));
#868 = TRIMMED_CURVE('',#869,(#873,PARAMETER_VALUE(0.)),(#874,
    PARAMETER_VALUE(10.)),.T.,.PARAMETER.);
#869 = LINE('',#870,#871);
#870 = CARTESIAN_POINT('',(8.E+03,3.E+03,0.));
#871 = VECTOR('',#872,1.E+03);
#872 = DIRECTION('',(-1.,0.,0.));
#873 = CARTESIAN_POINT('',(8.E+03,3.E+03,0.));
#874 = CARTESIAN_POINT('',(-2.E+03,3.E+03,0.));
#875 = ( GEOMETRIC_REPRESENTATION_CONTEXT(3) 
GLOBAL_UNCERTAINTY_ASSIGNED_CONTEXT((#879)) GLOBAL_UNIT_ASSIGNED_CONTEXT
((#876,#877,#878)) REPRESENTATION_CONTEXT('Context #1',
  '3D Context with UNIT and UNCERTAINTY') );
#876 = ( LENGTH_UNIT() NAMED_UNIT(*) SI_UNIT(.MILLI.,.METRE.) );
#877 = ( NAMED_UNIT(*) PLANE_ANGLE_UNIT() SI_UNIT($,.RADIAN.) );
#878 = ( NAMED_UNIT(*) SI_UNIT($,.STERADIAN.) SOLID_ANGLE_UNIT() );
#879 = UNCERTAINTY_MEASURE_WITH_UNIT(LENGTH_MEASURE(1.E-04),#876,
  'distance_accuracy_value','confusion accuracy');
#880 = CONTEXT_DEPENDENT_SHAPE_REPRESENTATION(#881,#883);
#881 = ( REPRESENTATION_RELATIONSHIP('','',#866,#10) 
REPRESENTATION_RELATIONSHIP_WITH_TRANSFORMATION(#882) 
SHAPE_REPRESENTATION_RELATIONSHIP() );
#882 = ITEM_DEFINED_TRANSFORMATION('','',#11,#71);
#883 = PRODUCT_DEFINITION_SHAPE('Placement','Placement of an item',#884
  );
#884 = NEXT_ASSEMBLY_USAGE_OCCURRENCE('15','','',#5,#861,$);
#885 = PRODUCT_RELATED_PRODUCT_CATEGORY('part',$,(#863));
#886 = SHAPE_DEFINITION_REPRESENTATION(#887,#893);
#887 = PRODUCT_DEFINITION_SHAPE('','',#888);
#888 = PRODUCT_DEFINITION('design','',#889,#892);
#889 = PRODUCT_DEFINITION_FORMATION('','',#890);
#890 = PRODUCT('Open CASCADE STEP translator 7.8 1.16',
  'Open CASCADE STEP translator 7.8 1.16','',(#891));
#891 = PRODUCT_CONTEXT('',#2,'mechanical');
#892 = PRODUCT_DEFINITION_CONTEXT('part definition',#2,'design');
#893 = GEOMETRICALLY_BOUNDED_WIREFRAME_SHAPE_REPRESENTATION('',(#11,#894
    ),#902);
#894 = GEOMETRIC_CURVE_SET('',(#895));
#895 = TRIMMED_CURVE('',#896,(#900,PARAMETER_VALUE(0.)),(#901,
    PARAMETER_VALUE(6.)),.T.,.PARAMETER.);
#896 = LINE('',#897,#898);
#897 = CARTESIAN_POINT('',(-2.E+03,3.E+03,0.));
#898 = VECTOR('',#899,1.E+03);
#899 = DIRECTION('',(0.,-1.,0.));
#900 = CARTESIAN_POINT('',(-2.E+03,3.E+03,0.));
#901 = CARTESIAN_POINT('',(-2.E+03,-3.E+03,0.));
#902 = ( GEOMETRIC_REPRESENTATION_CONTEXT(3) 
GLOBAL_UNCERTAINTY_ASSIGNED_CONTEXT((#906)) GLOBAL_UNIT_ASSIGNED_CONTEXT
((#903,#904,#905)) REPRESENTATION_CONTEXT('Context #1',
  '3D Context with UNIT and UNCERTAINTY') );
#903 = ( LENGTH_UNIT() NAMED_UNIT(*) SI_UNIT(.MILLI.,.METRE.) );
#904 = ( NAMED_UNIT(*) PLANE_ANGLE_UNIT() SI_UNIT($,.RADIAN.) );
#905 = ( NAMED_UNIT(*) SI_UNIT($,.STERADIAN.) SOLID_ANGLE_UNIT() );
#906 = UNCERTAINTY_MEASURE_WITH_UNIT(LENGTH_MEASURE(1.E-04),#903,
  'distance_accuracy_value','confusion accuracy');
#907 = CONTEXT_DEPENDENT_SHAPE_REPRESENTATION(#908,#910);
#908 = ( REPRESENTATION_RELATIONSHIP('','',#893,#10) 
REPRESENTATION_RELATIONSHIP_WITH_TRANSFORMATION(#909) 
SHAPE_REPRESENTATION_RELATIONSHIP() );
#909 = ITEM_DEFINED_TRANSFORMATION('','',#11,#75);
#910 = PRODUCT_DEFINITION_SHAPE('Placement','Placement of an item',#911
  );
#911 = NEXT_ASSEMBLY_USAGE_OCCURRENCE('16','','',#5,#888,$);
#912 = PRODUCT_RELATED_PRODUCT_CATEGORY('part',$,(#890));
#913 = SHAPE_DEFINITION_REPRESENTATION(#914,#920);
#914 = PRODUCT_DEFINITION_SHAPE('','',#915);
#915 = PRODUCT_DEFINITION('design','',#916,#919);
#916 = PRODUCT_DEFINITION_FORMATION('','',#917);
#917 = PRODUCT('Open CASCADE STEP translator 7.8 1.17',
  'Open CASCADE STEP translator 7.8 1.17','',(#918));
#918 = PRODUCT_CONTEXT('',#2,'mechanical');
#919 = PRODUCT_DEFINITION_CONTEXT('part definition',#2,'design');
#920 = GEOMETRICALLY_BOUNDED_WIREFRAME_SHAPE_REPRESENTATION('',(#11,#921
    ),#1306);
#921 = GEOMETRIC_CURVE_SET('',(#922,#923,#924,#925,#926,#927,#928,#929,
    #930,#931,#932,#933,#934,#935,#936,#937,#938,#939,#940,#941,#942,
    #943,#944,#945,#946,#947,#948,#949,#950,#951,#952,#953,#954,#955,
    #956,#957,#958,#959,#960,#961,#962,#963,#964,#965,#966,#967,#968,
    #969,#970,#971,#972,#973,#974,#975,#976,#977,#978,#979,#980,#981,
    #982,#983,#984,#985,#986,#987,#988,#989,#990,#991,#992,#993,#994,
    #995,#996,#997,#998,#999,#1000,#1001,#1002,#1003,#1004,#1005,#1006,
    #1007,#1008,#1009,#1010,#1011,#1012,#1013,#1014,#1015,#1016,#1017,
    #1018,#1019,#1020,#1021,#1022,#1023,#1024,#1025,#1026,#1027,#1028,
    #1029,#1030,#1031,#1032,#1033,#1034,#1035,#1036,#1037,#1038,#1039,
    #1040,#1041,#1042,#1043,#1044,#1045,#1046,#1047,#1048,#1049,#1050,
    #1051,#1052,#1053,#1054,#1055,#1056,#1057,#1058,#1059,#1060,#1061,
    #1062,#1063,#1064,#1065,#1066,#1067,#1068,#1069,#1070,#1071,#1072,
    #1073,#1074,#1075,#1076,#1077,#1078,#1079,#1080,#1081,#1082,#1083,
    #1084,#1085,#1086,#1087,#1088,#1089,#1090,#1091,#1092,#1093,#1094,
    #1095,#1096,#1097,#1098,#1099,#1100,#1101,#1102,#1103,#1104,#1105,
    #1106,#1107,#1108,#1109,#1110,#1111,#1112,#1113,#1114,#1115,#1116,
    #1117,#1118,#1119,#1120,#1121,#1122,#1123,#1124,#1125,#1126,#1127,
    #1128,#1129,#1130,#1131,#1132,#1133,#1134,#1135,#1136,#1137,#1138,
    #1139,#1140,#1141,#1142,#1143,#1144,#1145,#1146,#1147,#1148,#1149,
    #1150,#1151,#1152,#1153,#1154,#1155,#1156,#1157,#1158,#1159,#1160,
    #1161,#1162,#1163,#1164,#1165,#1166,#1167,#1168,#1169,#1170,#1171,
    #1172,#1173,#1174,#1175,#1176,#1177,#1178,#1179,#1180,#1181,#1182,
    #1183,#1184,#1185,#1186,#1187,#1188,#1189,#1190,#1191,#1192,#1193,
    #1194,#1195,#1196,#1197,#1198,#1199,#1200,#1201,#1202,#1203,#1204,
    #1205,#1206,#1207,#1208,#1209,#1210,#1211,#1212,#1213,#1214,#1215,
    #1216,#1217,#1218,#1219,#1220,#1221,#1222,#1223,#1224,#1225,#1226,
    #1227,#1228,#1229,#1230,#1231,#1232,#1233,#1234,#1235,#1236,#1237,
    #1238,#1239,#1240,#1241,#1242,#1243,#1244,#1245,#1246,#1247,#1248,
    #1249,#1250,#1251,#1252,#1253,#1254,#1255,#1256,#1257,#1258,#1259,
    #1260,#1261,#1262,#1263,#1264,#1265,#1266,#1267,#1268,#1269,#1270,
    #1271,#1272,#1273,#1274,#1275,#1276,#1277,#1278,#1279,#1280,#1281,
    #1282,#1283,#1284,#1285,#1286,#1287,#1288,#1289,#1290,#1291,#1292,
    #1293,#1294,#1295,#1296,#1297,#1298,#1299,#1300,#1301,#1302,#1303,
    #1304,#1305));
#922 = CARTESIAN_POINT('',(621.5802670397,1.593269000365,0.));
#923 = CARTESIAN_POINT('',(613.49590443076,-1.451021783734,0.));
#924 = CARTESIAN_POINT('',(603.24502655585,-5.185324264353,0.));
#925 = CARTESIAN_POINT('',(591.36600657332,-9.334472720939,0.));
#926 = CARTESIAN_POINT('',(578.18735290997,-13.71039028784,0.));
#927 = CARTESIAN_POINT('',(563.94234599237,-18.16776191673,0.));
#928 = CARTESIAN_POINT('',(548.8106104968,-22.58831956526,0.));
#929 = CARTESIAN_POINT('',(532.93783712445,-26.8730787046,0.));
#930 = CARTESIAN_POINT('',(516.44636349033,-30.93870700846,0.));
#931 = CARTESIAN_POINT('',(499.44174804832,-34.71470695663,0.));
#932 = CARTESIAN_POINT('',(482.01665183743,-38.14210104996,0.));
#933 = CARTESIAN_POINT('',(464.25409413991,-41.17224224297,0.));
#934 = CARTESIAN_POINT('',(446.22895509267,-43.76600002932,0.));
#935 = CARTESIAN_POINT('',(428.00979134281,-45.89288391849,0.));
#936 = CARTESIAN_POINT('',(409.65964996215,-47.53079300048,0.));
#937 = CARTESIAN_POINT('',(391.23719540578,-48.66526464016,0.));
#938 = CARTESIAN_POINT('',(372.79714777377,-49.28916143318,0.));
#939 = CARTESIAN_POINT('',(354.39084629041,-49.40204511785,0.));
#940 = CARTESIAN_POINT('',(336.06675017477,-49.00998874877,0.));
#941 = CARTESIAN_POINT('',(317.87081429347,-48.12501321749,0.));
#942 = CARTESIAN_POINT('',(299.84661437839,-46.76483681726,0.));
#943 = CARTESIAN_POINT('',(282.03578528825,-44.95243698142,0.));
#944 = CARTESIAN_POINT('',(264.47802100868,-42.71567463047,0.));
#945 = CARTESIAN_POINT('',(247.21157552268,-40.08710634568,0.));
#946 = CARTESIAN_POINT('',(230.27301237537,-37.1034834986,0.));
#947 = CARTESIAN_POINT('',(213.69764293566,-33.80556442463,0.));
#948 = CARTESIAN_POINT('',(197.51952639627,-30.23767616136,0.));
#949 = CARTESIAN_POINT('',(181.77153238252,-26.44777705734,0.));
#950 = CARTESIAN_POINT('',(166.48552877877,-22.48576633425,0.));
#951 = CARTESIAN_POINT('',(151.69238172842,-18.40586322168,0.));
#952 = CARTESIAN_POINT('',(137.42201824271,-14.26410260469,0.));
#953 = CARTESIAN_POINT('',(123.70361402718,-10.11852285028,0.));
#954 = CARTESIAN_POINT('',(110.56546826399,-6.036616255785,0.));
#955 = CARTESIAN_POINT('',(98.035254047231,-2.105033414425,0.));
#956 = CARTESIAN_POINT('',(86.13983055645,1.580622020718,0.));
#957 = CARTESIAN_POINT('',(74.905556100715,4.925184658234,0.));
#958 = CARTESIAN_POINT('',(64.357975074562,7.841315207983,0.));
#959 = CARTESIAN_POINT('',(45.423004798412,12.131458704997,0.));
#960 = CARTESIAN_POINT('',(37.084199985081,13.439607183999,0.));
#961 = CARTESIAN_POINT('',(29.529382692285,14.181709410552,0.));
#962 = CARTESIAN_POINT('',(22.781655570965,14.364840180203,0.));
#963 = CARTESIAN_POINT('',(16.863745619199,13.998829076142,0.));
#964 = CARTESIAN_POINT('',(11.797816355778,13.080921310724,0.));
#965 = CARTESIAN_POINT('',(7.605780864248,11.621509946432,0.));
#966 = CARTESIAN_POINT('',(4.308988748866,9.684455969605,0.));
#967 = CARTESIAN_POINT('',(1.928664396269,6.734454053572,0.));
#968 = CARTESIAN_POINT('',(0.485531322612,4.16937110226,0.));
#969 = CARTESIAN_POINT('',(1.252176202739E-04,0.193774267374,0.));
#970 = CARTESIAN_POINT('',(0.485531322612,-4.660912870646,0.));
#971 = CARTESIAN_POINT('',(1.928664396269,-8.708259401949,0.));
#972 = CARTESIAN_POINT('',(4.308988748866,-14.08810923939,0.));
#973 = CARTESIAN_POINT('',(7.605780864248,-19.36258844938,0.));
#974 = CARTESIAN_POINT('',(11.797816355778,-25.01196921447,0.));
#975 = CARTESIAN_POINT('',(16.863745619199,-30.9166687073,0.));
#976 = CARTESIAN_POINT('',(22.781655570965,-37.00074244116,0.));
#977 = CARTESIAN_POINT('',(29.529382692285,-43.19801290376,0.));
#978 = CARTESIAN_POINT('',(37.084199985081,-49.42220515472,0.));
#979 = CARTESIAN_POINT('',(45.423004798412,-55.58309989862,0.));
#980 = CARTESIAN_POINT('',(54.522318828477,-61.59767785324,0.));
#981 = CARTESIAN_POINT('',(64.357975074562,-67.39838411243,0.));
#982 = CARTESIAN_POINT('',(74.905556100715,-72.94032815932,0.));
#983 = CARTESIAN_POINT('',(86.13983055645,-78.20072038703,0.));
#984 = CARTESIAN_POINT('',(98.035254047231,-83.17242339119,0.));
#985 = CARTESIAN_POINT('',(110.56546826399,-87.85631369516,0.));
#986 = CARTESIAN_POINT('',(123.70361402718,-92.25170260202,0.));
#987 = CARTESIAN_POINT('',(137.42201824271,-96.35051357525,0.));
#988 = CARTESIAN_POINT('',(151.69238172842,-100.1264509146,0.));
#989 = CARTESIAN_POINT('',(166.48552877877,-103.5454554273,0.));
#990 = CARTESIAN_POINT('',(181.77153238252,-106.5742818353,0.));
#991 = CARTESIAN_POINT('',(197.51952639627,-109.1799979044,0.));
#992 = CARTESIAN_POINT('',(213.69770554447,-111.3314244472,0.));
#993 = CARTESIAN_POINT('',(230.27301237537,-112.9983214082,0.));
#994 = CARTESIAN_POINT('',(247.21157552268,-114.1524522143,0.));
#995 = CARTESIAN_POINT('',(264.47808361749,-114.7680846444,0.));
#996 = CARTESIAN_POINT('',(282.03578528825,-114.8223664828,0.));
#997 = CARTESIAN_POINT('',(299.84661437839,-114.2955133455,0.));
#998 = CARTESIAN_POINT('',(317.87081429347,-113.1715599859,0.));
#999 = CARTESIAN_POINT('',(336.06681278358,-111.4387359477,0.));
#1000 = CARTESIAN_POINT('',(354.39084629041,-109.089778609,0.));
#1001 = CARTESIAN_POINT('',(372.79714777377,-106.1225592702,0.));
#1002 = CARTESIAN_POINT('',(391.23725801459,-102.5407718511,0.));
#1003 = CARTESIAN_POINT('',(409.65964996215,-98.35430854368,0.));
#1004 = CARTESIAN_POINT('',(428.00979134281,-93.57994850907,0.));
#1005 = CARTESIAN_POINT('',(446.22895509267,-88.24217179203,0.));
#1006 = CARTESIAN_POINT('',(464.25409413991,-82.37391062671,0.));
#1007 = CARTESIAN_POINT('',(482.01665183743,-76.01773900398,0.));
#1008 = CARTESIAN_POINT('',(499.44174804832,-69.22662397724,0.));
#1009 = CARTESIAN_POINT('',(516.44636349033,-62.06580392663,0.));
#1010 = CARTESIAN_POINT('',(532.93783712445,-54.61435377937,0.));
#1011 = CARTESIAN_POINT('',(548.8106104968,-46.9676267533,0.));
#1012 = CARTESIAN_POINT('',(563.94234599237,-39.240510015,0.));
#1013 = CARTESIAN_POINT('',(578.18735290997,-31.57255860229,0.));
#1014 = CARTESIAN_POINT('',(591.36600657332,-24.13519543731,0.));
#1015 = CARTESIAN_POINT('',(603.24502655585,-17.14554787362,0.));
#1016 = CARTESIAN_POINT('',(613.49590443076,-10.89399557264,0.));
#1017 = CARTESIAN_POINT('',(621.5802670397,-5.818487161268,0.));
#1018 = CARTESIAN_POINT('',(813.51805098022,217.52141944325,0.));
#1019 = CARTESIAN_POINT('',(809.86739256317,212.59548534612,0.));
#1020 = CARTESIAN_POINT('',(805.18921696531,206.45506599916,0.));
#1021 = CARTESIAN_POINT('',(799.69808732674,199.48929554329,0.));
#1022 = CARTESIAN_POINT('',(793.51692909823,191.95306722849,0.));
#1023 = CARTESIAN_POINT('',(786.72830649777,184.03741262433,0.));
#1024 = CARTESIAN_POINT('',(779.3929283223,175.89549342459,0.));
#1025 = CARTESIAN_POINT('',(771.55959084357,167.65248806536,0.));
#1026 = CARTESIAN_POINT('',(763.26506431712,159.42262488141,0.));
#1027 = CARTESIAN_POINT('',(754.56017758247,151.26331736505,0.));
#1028 = CARTESIAN_POINT('',(745.45876811177,143.29145581309,0.));
#1029 = CARTESIAN_POINT('',(735.99114421928,135.57270778385,0.));
#1030 = CARTESIAN_POINT('',(726.19235819448,128.15022192566,0.));
#1031 = CARTESIAN_POINT('',(716.09197585773,121.06864126675,0.));
#1032 = CARTESIAN_POINT('',(705.71987555127,114.3635437429,0.));
#1033 = CARTESIAN_POINT('',(695.10636182867,108.06218602347,0.));
#1034 = CARTESIAN_POINT('',(684.28270525107,102.18412365544,0.));
#1035 = CARTESIAN_POINT('',(673.28081977348,96.741705383894,0.));
#1036 = CARTESIAN_POINT('',(662.13362104538,91.740884987959,0.));
#1037 = CARTESIAN_POINT('',(650.87488784181,87.181617206266,0.));
#1038 = CARTESIAN_POINT('',(639.53922443845,83.058531003959,0.));
#1039 = CARTESIAN_POINT('',(628.16182385142,79.361832360204,0.));
#1040 = CARTESIAN_POINT('',(616.77802684347,76.078249982387,0.));
#1041 = CARTESIAN_POINT('',(605.42355909171,73.191514332177,0.));
#1042 = CARTESIAN_POINT('',(594.134397513,70.682249237945,0.));
#1043 = CARTESIAN_POINT('',(582.94709542675,68.527570871208,0.));
#1044 = CARTESIAN_POINT('',(571.89756306671,66.704295527711,0.));
#1045 = CARTESIAN_POINT('',(561.02266260203,65.18512404019,0.));
#1046 = CARTESIAN_POINT('',(550.35902647769,63.941867199205,0.));
#1047 = CARTESIAN_POINT('',(539.94380317843,62.943352640282,0.));
#1048 = CARTESIAN_POINT('',(529.81421898781,62.157154761777,0.));
#1049 = CARTESIAN_POINT('',(520.00744431358,61.549486337306,0.));
#1050 = CARTESIAN_POINT('',(510.56255424925,61.081092841574,0.));
#1051 = CARTESIAN_POINT('',(501.52391051172,60.700493678297,0.));
#1052 = CARTESIAN_POINT('',(492.93827851479,60.349868346147,0.));
#1053 = CARTESIAN_POINT('',(484.85216631574,59.970861849422,0.));
#1054 = CARTESIAN_POINT('',(477.30955163655,59.509557880217,0.));
#1055 = CARTESIAN_POINT('',(464.00321413905,58.179539308999,0.));
#1056 = CARTESIAN_POINT('',(458.29443901923,57.269530604551,0.));
#1057 = CARTESIAN_POINT('',(453.24162477643,56.189524267932,0.));
#1058 = CARTESIAN_POINT('',(448.85750791133,54.948452944687,0.));
#1059 = CARTESIAN_POINT('',(445.16054764742,53.542581808179,0.));
#1060 = CARTESIAN_POINT('',(442.1557060459,51.996330682707,0.));
#1061 = CARTESIAN_POINT('',(439.85750570929,50.312925401878,0.));
#1062 = CARTESIAN_POINT('',(438.29088668578,48.472955224882,0.));
#1063 = CARTESIAN_POINT('',(437.57821550998,46.246793712572,0.));
#1064 = CARTESIAN_POINT('',(437.36163178978,44.435256973905,0.));
#1065 = CARTESIAN_POINT('',(438.12411383499,42.03479154198,0.));
#1066 = CARTESIAN_POINT('',(439.80447270792,39.196567719263,0.));
#1067 = CARTESIAN_POINT('',(442.09873686067,36.552504391723,0.));
#1068 = CARTESIAN_POINT('',(444.96394902321,34.162428097882,0.));
#1069 = CARTESIAN_POINT('',(448.71423065239,31.319617468356,0.));
#1070 = CARTESIAN_POINT('',(452.92588533967,28.899606652078,0.));
#1071 = CARTESIAN_POINT('',(457.88048389944,26.264590487273,0.));
#1072 = CARTESIAN_POINT('',(463.39439143628,23.7740056228,0.));
#1073 = CARTESIAN_POINT('',(469.48130874554,21.3634096093,0.));
#1074 = CARTESIAN_POINT('',(476.0802295243,19.127779779691,0.));
#1075 = CARTESIAN_POINT('',(483.15562671359,17.107057998425,0.));
#1076 = CARTESIAN_POINT('',(490.66386875781,15.357578645273,0.));
#1077 = CARTESIAN_POINT('',(498.56920886633,13.918075823285,0.));
#1078 = CARTESIAN_POINT('',(506.84101557263,12.815622443979,0.));
#1079 = CARTESIAN_POINT('',(515.45508551931,12.062419897188,0.));
#1080 = CARTESIAN_POINT('',(524.39111353023,11.661618552411,0.));
#1081 = CARTESIAN_POINT('',(533.63062111247,11.611463810625,0.));
#1082 = CARTESIAN_POINT('',(543.15421974579,11.911066235453,0.));
#1083 = CARTESIAN_POINT('',(552.93950920329,12.564809855881,0.));
#1084 = CARTESIAN_POINT('',(562.95850979486,13.588155027864,0.));
#1085 = CARTESIAN_POINT('',(573.18070129885,15.00062760761,0.));
#1086 = CARTESIAN_POINT('',(583.57536649984,16.820694455128,0.));
#1087 = CARTESIAN_POINT('',(594.11133678868,19.066704050305,0.));
#1088 = CARTESIAN_POINT('',(604.75728928545,21.755459203578,0.));
#1089 = CARTESIAN_POINT('',(615.48140678977,24.903440111735,0.));
#1090 = CARTESIAN_POINT('',(626.25195968888,28.524865108385,0.));
#1091 = CARTESIAN_POINT('',(637.03706919741,32.632593451465,0.));
#1092 = CARTESIAN_POINT('',(647.80440982693,37.238170799003,0.));
#1093 = CARTESIAN_POINT('',(658.52183676981,42.350187490007,0.));
#1094 = CARTESIAN_POINT('',(669.15732553647,47.974803046284,0.));
#1095 = CARTESIAN_POINT('',(679.67882298648,54.115078003544,0.));
#1096 = CARTESIAN_POINT('',(690.05460012355,60.770217340043,0.));
#1097 = CARTESIAN_POINT('',(700.25364761359,67.934327231959,0.));
#1098 = CARTESIAN_POINT('',(710.24573359831,75.595797254693,0.));
#1099 = CARTESIAN_POINT('',(720.00144132014,83.736627115834,0.));
#1100 = CARTESIAN_POINT('',(729.49229494582,92.331564245294,0.));
#1101 = CARTESIAN_POINT('',(738.69072408318,101.34748854566,0.));
#1102 = CARTESIAN_POINT('',(747.56979113025,110.74231811651,0.));
#1103 = CARTESIAN_POINT('',(756.10331709888,120.46414684454,0.));
#1104 = CARTESIAN_POINT('',(764.25235641273,130.47837278872,0.));
#1105 = CARTESIAN_POINT('',(771.99559448152,140.69994252414,0.));
#1106 = CARTESIAN_POINT('',(779.34473619253,150.95718998735,0.));
#1107 = CARTESIAN_POINT('',(786.23561705448,161.22130008354,0.));
#1108 = CARTESIAN_POINT('',(792.64474954435,171.34955956613,0.));
#1109 = CARTESIAN_POINT('',(798.53365664472,181.19466028672,0.));
#1110 = CARTESIAN_POINT('',(803.85676446503,190.57098364007,0.));
#1111 = CARTESIAN_POINT('',(808.55156518416,199.24448697468,0.));
#1112 = CARTESIAN_POINT('',(812.52383322624,206.89872996024,0.));
#1113 = CARTESIAN_POINT('',(815.60474532553,213.04648897873,0.));
#1114 = CARTESIAN_POINT('',(849.3621148462,417.00987702948,0.));
#1115 = CARTESIAN_POINT('',(848.89638425877,412.94900151348,0.));
#1116 = CARTESIAN_POINT('',(848.24224476702,407.84443688462,0.));
#1117 = CARTESIAN_POINT('',(847.39386307732,401.99237089063,0.));
#1118 = CARTESIAN_POINT('',(846.33724581512,395.58094136823,0.));
#1119 = CARTESIAN_POINT('',(845.05638426404,388.74796185155,0.));
#1120 = CARTESIAN_POINT('',(843.5352747664,381.60209655137,0.));
#1121 = CARTESIAN_POINT('',(841.76036371748,374.23188269538,0.));
#1122 = CARTESIAN_POINT('',(839.71480432262,366.71552679525,0.));
#1123 = CARTESIAN_POINT('',(837.40880479522,359.10311949272,0.));
#1124 = CARTESIAN_POINT('',(834.8113907713,351.46675992286,0.));
#1125 = CARTESIAN_POINT('',(831.91817157813,343.85446403954,0.));
#1126 = CARTESIAN_POINT('',(828.73500178171,336.30282782299,0.));
#1127 = CARTESIAN_POINT('',(825.26407020697,328.84748121103,0.));
#1128 = CARTESIAN_POINT('',(821.51076781092,321.51892458187,0.));
#1129 = CARTESIAN_POINT('',(817.48350537928,314.34299609877,0.));
#1130 = CARTESIAN_POINT('',(813.19381846326,307.34140968241,0.));
#1131 = CARTESIAN_POINT('',(808.65601634503,300.53193286909,0.));
#1132 = CARTESIAN_POINT('',(803.88711829063,293.92897495796,0.));
#1133 = CARTESIAN_POINT('',(798.90664157204,287.54376940903,0.));
#1134 = CARTESIAN_POINT('',(793.73635532211,281.38475001245,0.));
#1135 = CARTESIAN_POINT('',(788.39984291176,275.45799319302,0.));
#1136 = CARTESIAN_POINT('',(782.92193210409,269.76761702064,0.));
#1137 = CARTESIAN_POINT('',(777.32867230784,264.31613683199,0.));
#1138 = CARTESIAN_POINT('',(771.64729352953,259.1043580948,0.));
#1139 = CARTESIAN_POINT('',(765.90652778077,254.13125326433,0.));
#1140 = CARTESIAN_POINT('',(760.13483574611,249.3954073006,0.));
#1141 = CARTESIAN_POINT('',(754.36259953126,244.89334641178,0.));
#1142 = CARTESIAN_POINT('',(748.62036529133,240.62100636518,0.));
#1143 = CARTESIAN_POINT('',(742.93997150214,236.57277261605,0.));
#1144 = CARTESIAN_POINT('',(737.35371930241,232.74233299571,0.));
#1145 = CARTESIAN_POINT('',(731.89433144585,229.12257057586,0.));
#1146 = CARTESIAN_POINT('',(726.59745278998,225.7038467769,0.));
#1147 = CARTESIAN_POINT('',(721.50585578278,222.47122650169,0.));
#1148 = CARTESIAN_POINT('',(716.6658139489,219.40691553948,0.));
#1149 = CARTESIAN_POINT('',(712.12363039299,216.49272530355,0.));
#1150 = CARTESIAN_POINT('',(707.9226677673,213.71218643969,0.));
#1151 = CARTESIAN_POINT('',(700.68358975493,208.50885402707,0.));
#1152 = CARTESIAN_POINT('',(697.69096313757,206.08053521665,0.));
#1153 = CARTESIAN_POINT('',(695.13372158654,203.77272185321,0.));
#1154 = CARTESIAN_POINT('',(693.01624097539,201.59481670229,0.));
#1155 = CARTESIAN_POINT('',(691.35042368401,199.55081653521,0.));
#1156 = CARTESIAN_POINT('',(690.13099461832,197.65647416451,0.));
#1157 = CARTESIAN_POINT('',(689.36526312894,195.9184928936,0.));
#1158 = CARTESIAN_POINT('',(689.07409860633,194.33397927543,0.));
#1159 = CARTESIAN_POINT('',(689.40469154858,192.81114726845,0.));
#1160 = CARTESIAN_POINT('',(689.88349245897,191.69306147133,0.));
#1161 = CARTESIAN_POINT('',(691.123866817,190.56131278976,0.));
#1162 = CARTESIAN_POINT('',(693.04009707219,189.48278312601,0.));
#1163 = CARTESIAN_POINT('',(695.24604554089,188.72098716968,0.));
#1164 = CARTESIAN_POINT('',(697.69696865217,188.29614669889,0.));
#1165 = CARTESIAN_POINT('',(700.80979830348,187.90494309307,0.));
#1166 = CARTESIAN_POINT('',(704.04806854301,187.91163409262,0.));
#1167 = CARTESIAN_POINT('',(707.78694607683,188.0418396538,0.));
#1168 = CARTESIAN_POINT('',(711.80059703233,188.4418689908,0.));
#1169 = CARTESIAN_POINT('',(716.11841238386,189.07908316992,0.));
#1170 = CARTESIAN_POINT('',(720.67351101505,189.98798194558,0.));
#1171 = CARTESIAN_POINT('',(725.432067414,191.17978341097,0.));
#1172 = CARTESIAN_POINT('',(730.35011276375,192.67246838356,0.));
#1173 = CARTESIAN_POINT('',(735.39409727744,194.47648441129,0.));
#1174 = CARTESIAN_POINT('',(740.53731156577,196.59725155808,0.));
#1175 = CARTESIAN_POINT('',(745.7617146839,199.03374651383,0.));
#1176 = CARTESIAN_POINT('',(751.05453330975,201.78101975317,0.));
#1177 = CARTESIAN_POINT('',(756.4056837468,204.83189876025,0.));
#1178 = CARTESIAN_POINT('',(761.80426850646,208.17940717865,0.));
#1179 = CARTESIAN_POINT('',(767.2358934687,211.81860938638,0.));
#1180 = CARTESIAN_POINT('',(772.67925109993,215.74910486075,0.));
#1181 = CARTESIAN_POINT('',(778.11021192321,219.97199345289,0.));
#1182 = CARTESIAN_POINT('',(783.50488572597,224.48769793758,0.));
#1183 = CARTESIAN_POINT('',(788.83916114335,229.29642227824,0.));
#1184 = CARTESIAN_POINT('',(794.08935296538,234.39742662202,0.));
#1185 = CARTESIAN_POINT('',(799.23159812393,239.78962008152,0.));
#1186 = CARTESIAN_POINT('',(804.24283807401,245.47063507789,0.));
#1187 = CARTESIAN_POINT('',(809.10038117097,251.43726964537,0.));
#1188 = CARTESIAN_POINT('',(813.7817157327,257.68541450992,0.));
#1189 = CARTESIAN_POINT('',(818.26541949952,264.2093143702,0.));
#1190 = CARTESIAN_POINT('',(822.53094994983,271.00185059792,0.));
#1191 = CARTESIAN_POINT('',(826.55878101578,278.05410581406,0.));
#1192 = CARTESIAN_POINT('',(830.33085896009,285.35504468051,0.));
#1193 = CARTESIAN_POINT('',(833.8312451433,292.89092795179,0.));
#1194 = CARTESIAN_POINT('',(837.04635533543,300.64497506005,0.));
#1195 = CARTESIAN_POINT('',(839.96520586106,308.59698794575,0.));
#1196 = CARTESIAN_POINT('',(842.57977371353,316.72289508633,0.));
#1197 = CARTESIAN_POINT('',(844.88518115198,324.99438445393,0.));
#1198 = CARTESIAN_POINT('',(846.8799030448,333.37818085134,0.));
#1199 = CARTESIAN_POINT('',(848.56612698392,341.8355899407,0.));
#1200 = CARTESIAN_POINT('',(849.93290171068,350.33365242325,0.));
#1201 = CARTESIAN_POINT('',(850.99627238229,358.81615781779,0.));
#1202 = CARTESIAN_POINT('',(851.82021883972,367.18789630549,0.));
#1203 = CARTESIAN_POINT('',(852.37730072826,375.41084331984,0.));
#1204 = CARTESIAN_POINT('',(852.70152860236,383.39477415516,0.));
#1205 = CARTESIAN_POINT('',(852.8197904618,391.04181473984,0.));
#1206 = CARTESIAN_POINT('',(852.76764707699,398.22960682535,0.));
#1207 = CARTESIAN_POINT('',(852.58702375777,404.80218988344,0.));
#1208 = CARTESIAN_POINT('',(852.32899945264,410.54545847896,0.));
#1209 = CARTESIAN_POINT('',(852.05851187635,415.12183950296,0.));
#1210 = CARTESIAN_POINT('',(843.92469405691,533.97429493173,0.));
#1211 = CARTESIAN_POINT('',(843.85134091015,531.25028576245,0.));
#1212 = CARTESIAN_POINT('',(843.71350212891,527.82218427405,0.));
#1213 = CARTESIAN_POINT('',(843.49009400696,523.88635863911,0.));
#1214 = CARTESIAN_POINT('',(843.16089159868,519.56694373265,0.));
#1215 = CARTESIAN_POINT('',(842.70725554454,514.95453546163,0.));
#1216 = CARTESIAN_POINT('',(842.1122435319,510.12037109272,0.));
#1217 = CARTESIAN_POINT('',(841.36170985611,505.12246332076,0.));
#1218 = CARTESIAN_POINT('',(840.43992196107,500.01177255738,0.));
#1219 = CARTESIAN_POINT('',(839.35074896744,494.82215862666,0.));
#1220 = CARTESIAN_POINT('',(838.06943064131,489.59970498354,0.));
#1221 = CARTESIAN_POINT('',(836.59026109536,484.37604533888,0.));
#1222 = CARTESIAN_POINT('',(834.91500215476,479.17582434638,0.));
#1223 = CARTESIAN_POINT('',(833.04303724757,474.02283208859,0.));
#1224 = CARTESIAN_POINT('',(830.97617448024,468.93763801078,0.));
#1225 = CARTESIAN_POINT('',(828.71849840999,463.93789070596,0.));
#1226 = CARTESIAN_POINT('',(826.2764084782,459.03868129561,0.));
#1227 = CARTESIAN_POINT('',(823.65837554367,454.2526411541,0.));
#1228 = CARTESIAN_POINT('',(820.87486537271,449.59032881089,0.));
#1229 = CARTESIAN_POINT('',(817.93818726016,445.06033876975,0.));
#1230 = CARTESIAN_POINT('',(814.86230870037,440.66953703199,0.));
#1231 = CARTESIAN_POINT('',(811.66253904916,436.42332941652,0.));
#1232 = CARTESIAN_POINT('',(808.35512788823,432.32589344437,0.));
#1233 = CARTESIAN_POINT('',(804.95722925546,428.38041319596,0.));
#1234 = CARTESIAN_POINT('',(801.48688060884,424.58900577405,0.));
#1235 = CARTESIAN_POINT('',(797.96322343775,420.95265819542,0.));
#1236 = CARTESIAN_POINT('',(794.40524155012,417.4720843646,0.));
#1237 = CARTESIAN_POINT('',(790.83331444831,414.14674254956,0.));
#1238 = CARTESIAN_POINT('',(787.26796489165,410.97570842085,0.));
#1239 = CARTESIAN_POINT('',(783.73066398723,407.9571031293,0.));
#1240 = CARTESIAN_POINT('',(780.24323064495,405.08861139544,0.));
#1241 = CARTESIAN_POINT('',(776.82781054145,402.36740797238,0.));
#1242 = CARTESIAN_POINT('',(773.50863652714,399.78916269487,0.));
#1243 = CARTESIAN_POINT('',(770.31498284561,397.34644196284,0.));
#1244 = CARTESIAN_POINT('',(767.27861503526,395.03011677963,0.));
#1245 = CARTESIAN_POINT('',(764.43134119416,392.83079795045,0.));
#1246 = CARTESIAN_POINT('',(761.80291668438,390.74006722251,0.));
#1247 = CARTESIAN_POINT('',(757.29756279517,386.86376096728,0.));
#1248 = CARTESIAN_POINT('',(755.45116490182,385.07715902074,0.));
#1249 = CARTESIAN_POINT('',(753.88691737711,383.39588587166,0.));
#1250 = CARTESIAN_POINT('',(752.60718003239,381.82644043185,0.));
#1251 = CARTESIAN_POINT('',(751.61962536511,380.37216865008,0.));
#1252 = CARTESIAN_POINT('',(750.91983472938,379.04322593541,0.));
#1253 = CARTESIAN_POINT('',(750.51227299515,377.84448885263,0.));
#1254 = CARTESIAN_POINT('',(750.41096826688,376.77524836883,0.));
#1255 = CARTESIAN_POINT('',(750.71900726084,375.78309897015,0.));
#1256 = CARTESIAN_POINT('',(751.10195827849,375.06836504074,0.));
#1257 = CARTESIAN_POINT('',(751.99148678253,374.38880751561,0.));
#1258 = CARTESIAN_POINT('',(753.32677909884,373.78386414121,0.));
#1259 = CARTESIAN_POINT('',(754.83607847296,373.40610679756,0.));
#1260 = CARTESIAN_POINT('',(756.4884944034,373.26636559733,0.));
#1261 = CARTESIAN_POINT('',(758.57854776043,373.18742294554,0.));
#1262 = CARTESIAN_POINT('',(760.72879075014,373.38002253635,0.));
#1263 = CARTESIAN_POINT('',(763.20432529255,373.6837390285,0.));
#1264 = CARTESIAN_POINT('',(765.84666725779,374.18261891833,0.));
#1265 = CARTESIAN_POINT('',(768.67723251477,374.85669344553,0.));
#1266 = CARTESIAN_POINT('',(771.6495987533,375.72498887613,0.));
#1267 = CARTESIAN_POINT('',(774.74064962883,376.79299008837,0.));
#1268 = CARTESIAN_POINT('',(777.92013938544,378.07008392233,0.));
#1269 = CARTESIAN_POINT('',(781.16517956742,379.56125953486,0.));
#1270 = CARTESIAN_POINT('',(784.45771674696,381.26856463415,0.));
#1271 = CARTESIAN_POINT('',(787.78582885323,383.19027136149,0.));
#1272 = CARTESIAN_POINT('',(791.14132032879,385.3223504107,0.));
#1273 = CARTESIAN_POINT('',(794.51791104091,387.65945239887,0.));
#1274 = CARTESIAN_POINT('',(797.90876899572,390.19631093403,0.));
#1275 = CARTESIAN_POINT('',(801.3046214077,392.92881176906,0.));
#1276 = CARTESIAN_POINT('',(804.69134058078,395.85545085562,0.));
#1277 = CARTESIAN_POINT('',(808.05283750472,398.97555662262,0.));
#1278 = CARTESIAN_POINT('',(811.37322141262,402.28802173459,0.));
#1279 = CARTESIAN_POINT('',(814.63646737754,405.7915806871,0.));
#1280 = CARTESIAN_POINT('',(817.82688833402,409.48436592046,0.));
#1281 = CARTESIAN_POINT('',(820.92869949218,413.36426640821,0.));
#1282 = CARTESIAN_POINT('',(823.92672455056,417.42836998094,0.));
#1283 = CARTESIAN_POINT('',(826.80607935823,421.67323164636,0.));
#1284 = CARTESIAN_POINT('',(829.55205200085,426.09481429819,0.));
#1285 = CARTESIAN_POINT('',(832.15074972244,430.68805095402,0.));
#1286 = CARTESIAN_POINT('',(834.58894324182,435.44702032153,0.));
#1287 = CARTESIAN_POINT('',(836.85418284936,440.36466556428,0.));
#1288 = CARTESIAN_POINT('',(838.93511971552,445.43260879414,0.));
#1289 = CARTESIAN_POINT('',(840.82196681767,450.6407992728,0.));
#1290 = CARTESIAN_POINT('',(842.50667747911,455.97730322934,0.));
#1291 = CARTESIAN_POINT('',(843.98313069828,461.42806833695,0.));
#1292 = CARTESIAN_POINT('',(845.24739680501,466.97664181281,0.));
#1293 = CARTESIAN_POINT('',(846.29788138346,472.60393738011,0.));
#1294 = CARTESIAN_POINT('',(847.13550496462,478.28776737287,0.));
#1295 = CARTESIAN_POINT('',(847.76396868264,484.0025608357,0.));
#1296 = CARTESIAN_POINT('',(848.17791454178,489.72579220614,0.));
#1297 = CARTESIAN_POINT('',(848.3912646532,495.42106271366,0.));
#1298 = CARTESIAN_POINT('',(848.45204199082,501.02885815415,0.));
#1299 = CARTESIAN_POINT('',(848.34423197025,506.52233089025,0.));
#1300 = CARTESIAN_POINT('',(848.09566441502,511.84353614976,0.));
#1301 = CARTESIAN_POINT('',(847.72988330527,516.92903514093,0.));
#1302 = CARTESIAN_POINT('',(847.277615091,521.69963232168,0.));
#1303 = CARTESIAN_POINT('',(846.77576552356,526.05418567881,0.));
#1304 = CARTESIAN_POINT('',(846.27069800023,529.85346929522,0.));
#1305 = CARTESIAN_POINT('',(845.82515388247,532.87706393985,0.));
#1306 = ( GEOMETRIC_REPRESENTATION_CONTEXT(3) 
GLOBAL_UNCERTAINTY_ASSIGNED_CONTEXT((#1310)) 
GLOBAL_UNIT_ASSIGNED_CONTEXT((#1307,#1308,#1309)) REPRESENTATION_CONTEXT
('Context #1','3D Context with UNIT and UNCERTAINTY') );
#1307 = ( LENGTH_UNIT() NAMED_UNIT(*) SI_UNIT(.MILLI.,.METRE.) );
#1308 = ( NAMED_UNIT(*) PLANE_ANGLE_UNIT() SI_UNIT($,.RADIAN.) );
#1309 = ( NAMED_UNIT(*) SI_UNIT($,.STERADIAN.) SOLID_ANGLE_UNIT() );
#1310 = UNCERTAINTY_MEASURE_WITH_UNIT(LENGTH_MEASURE(1.E-04),#1307,
  'distance_accuracy_value','confusion accuracy');
#1311 = CONTEXT_DEPENDENT_SHAPE_REPRESENTATION(#1312,#1314);
#1312 = ( REPRESENTATION_RELATIONSHIP('','',#920,#10) 
REPRESENTATION_RELATIONSHIP_WITH_TRANSFORMATION(#1313) 
SHAPE_REPRESENTATION_RELATIONSHIP() );
#1313 = ITEM_DEFINED_TRANSFORMATION('','',#11,#79);
#1314 = PRODUCT_DEFINITION_SHAPE('Placement','Placement of an item',
  #1315);
#1315 = NEXT_ASSEMBLY_USAGE_OCCURRENCE('17','','',#5,#915,$);
#1316 = PRODUCT_RELATED_PRODUCT_CATEGORY('part',$,(#917));
ENDSEC;
END-ISO-10303-21;
